party_id,left_right,state_market,liberty_authority,eu_anti_pro,calculation_date
1,,,,,2012-10-15 12:08:04
2,,,,,2012-10-15 12:08:04
3,,,,,2012-10-15 12:08:04
4,,,,,2012-10-15 12:08:04
5,4.76219298245614,4.753801225361072,6.277878772668666,8.202777777777778,2012-10-15 12:08:04
6,9.342105263157896,6.578947368421052,7.105263157894737,7.631578947368421,2012-10-15 12:08:04
11,,,,,2012-10-15 12:08:04
15,6.86,6.29,6.33,7.783333333333334,2012-10-15 12:08:04
16,6.695321581656474,5.028248669808368,7.62985428257993,6.854891392222614,2012-10-15 12:08:04
17,,,,,2012-10-15 12:08:04
18,,,,,2012-10-15 12:08:04
19,,,,,2012-10-15 12:08:04
20,8.5,3.75,8.62,3.4499999999999997,2012-10-15 12:08:04
21,,,,,2012-10-15 12:08:04
23,,,,,2012-10-15 12:08:04
24,4.912280534443106,4.093567195691557,7.105263157894737,4.5029238650673316,2012-10-15 12:08:04
25,,,,,2012-10-15 12:08:04
26,6.324926984240435,8.010525954397105,3.4158927515933373,6.443859669200149,2012-10-15 12:08:04
27,,,,0.0,2012-10-15 12:08:04
28,3.865,3.9,7.325,7.466666666666667,2012-10-15 12:08:04
29,,,,,2012-10-15 12:08:04
30,,,,,2012-10-15 12:08:04
32,1.8640350877192982,2.1750877192982454,5.276666666666666,5.767543859649122,2012-10-15 12:08:04
35,1.8318713868570597,1.757894817151521,1.2280701336107738,9.061403709545482,2012-10-15 12:08:04
37,7.655555555555555,,,,2012-10-15 12:08:04
40,,,,,2012-10-15 12:08:04
41,,,,,2012-10-15 12:08:04
42,,,,,2012-10-15 12:08:04
44,0.5274922625223789,0.9369556440386859,4.530175405134235,3.5074990612721586,2012-10-15 12:08:04
47,6.736475614999469,6.9754323048340705,6.671240584473861,8.98686721333286,2012-10-15 12:08:04
48,,,,,2012-10-15 12:08:04
50,8.349366487629466,6.329078971210278,8.514868397210774,1.9814911962810322,2012-10-15 12:08:04
51,7.145911299303959,7.912986111138999,6.598333373069762,5.118224254825657,2012-10-15 12:08:04
52,,,,,2012-10-15 12:08:04
53,,,,,2012-10-15 12:08:04
55,,,,,2012-10-15 12:08:04
57,7.85,7.83,4.5,8.966666666666667,2012-10-15 12:08:04
58,,,,,2012-10-15 12:08:04
59,7.05772491313793,7.799285612106325,6.174285612106325,8.246031708187529,2012-10-15 12:08:04
60,,,,,2012-10-15 12:08:04
62,,,,,2012-10-15 12:08:04
63,,,,,2012-10-15 12:08:04
64,3.052631679334137,2.5964912615324316,1.754386048567921,8.175438328793158,2012-10-15 12:08:04
65,,,,,2012-10-15 12:08:04
66,,,,,2012-10-15 12:08:04
67,,,,,2012-10-15 12:08:04
68,,,,,2012-10-15 12:08:04
72,,,,,2012-10-15 12:08:04
73,,,,,2012-10-15 12:08:04
74,,,,,2012-10-15 12:08:04
77,,,,,2012-10-15 12:08:04
78,,,,,2012-10-15 12:08:04
80,,,,,2012-10-15 12:08:04
81,1.5839320682875127,1.3533834407204053,1.5037594343486578,1.1567669650964558,2012-10-15 12:08:04
82,,,,7.5,2012-10-15 12:08:04
83,,,,,2012-10-15 12:08:04
86,,,,,2012-10-15 12:08:04
87,,,,,2012-10-15 12:08:04
92,,,,,2012-10-15 12:08:04
93,4.97037037037037,5.80000019073486,5.16666650772095,9.02777791023254,2012-10-15 12:08:04
94,5.802690042584961,4.93494015819148,7.220271157967419,5.526746420609326,2012-10-15 12:08:04
95,9.606461932533659,3.8070175773219055,9.589361074347236,0.9358101209004728,2012-10-15 12:08:04
98,,,,,2012-10-15 12:08:04
99,5.906666666666667,5.116666666666666,7.583333333333333,8.5,2012-10-15 12:08:04
100,,,,,2012-10-15 12:08:04
103,5.003216273882234,4.795321414345211,2.5789474186144368,7.368421052631579,2012-10-15 12:08:04
104,3.3706209770187767,2.9573934956600794,2.710526365982858,8.293295595938702,2012-10-15 12:08:04
107,,,,5.0,2012-10-15 12:08:04
108,,,,,2012-10-15 12:08:04
109,,,,,2012-10-15 12:08:04
111,,,,,2012-10-15 12:08:04
112,,,,,2012-10-15 12:08:04
113,7.896909082423871,8.624561570820052,5.273684110139552,8.571491428843728,2012-10-15 12:08:04
114,,,,,2012-10-15 12:08:04
115,,,,,2012-10-15 12:08:04
118,2.0182540847822934,1.8937027091729022,1.7350981236758996,5.218560655995425,2012-10-15 12:08:04
119,,,,,2012-10-15 12:08:04
120,3.7003898970100146,3.3684211028249633,1.1578947619387998,,2012-10-15 12:08:04
121,,,,,2012-10-15 12:08:04
124,,,,,2012-10-15 12:08:04
125,,,,,2012-10-15 12:08:04
128,6.166666746139525,5.145,7.758333253860474,7.442592504289417,2012-10-15 12:08:04
129,7.0,6.75,5.0,9.333333333333334,2012-10-15 12:08:04
130,2.88888883590698,2.375,1.88888883590698,7.8125,2012-10-15 12:08:04
131,7.359122807017544,7.440061899820964,5.043261172645965,9.390454155102105,2012-10-15 12:08:04
132,3.732057370637594,1.8713449176989103,3.5526315789473686,4.342105263157895,2012-10-15 12:08:04
133,,,,,2012-10-15 12:08:04
134,,,,,2012-10-15 12:08:04
135,7.1,,,,2012-10-15 12:08:04
137,,,,,2012-10-15 12:08:04
138,7.4997460589938685,6.53336701869965,7.542624595541709,6.000560417175294,2012-10-15 12:08:04
139,,,,,2012-10-15 12:08:04
140,,,,,2012-10-15 12:08:04
141,1.6885965748837104,1.7263158998991315,1.0315789674457736,6.506981699090263,2012-10-15 12:08:04
142,4.626666746139525,4.105,5.856666746139525,9.077777777777778,2012-10-15 12:08:04
143,,,,,2012-10-15 12:08:04
145,,,,,2012-10-15 12:08:04
146,,,,,2012-10-15 12:08:04
147,2.2222222222222223,,,,2012-10-15 12:08:04
148,5.7894736842105265,5.2631578947368425,,2.6315789473684212,2012-10-15 12:08:04
149,,,,,2012-10-15 12:08:04
150,5.454545272024053,4.019138938502263,5.421052731965737,6.555023695293211,2012-10-15 12:08:04
151,,,,2.6,2012-10-15 12:08:04
152,,,,,2012-10-15 12:08:04
154,,,,,2012-10-15 12:08:04
155,,,,,2012-10-15 12:08:04
156,,,,,2012-10-15 12:08:04
158,,,,,2012-10-15 12:08:04
161,2.6410233871653297,2.3886904791781776,1.3743609112187434,7.541072100589145,2012-10-15 12:08:04
163,,,,,2012-10-15 12:08:04
164,,,,,2012-10-15 12:08:04
167,2.5,,,,2012-10-15 12:08:04
168,6.562222169240316,7.266666666666667,4.4380952835083,9.003086302015516,2012-10-15 12:08:04
170,,,,,2012-10-15 12:08:04
171,9.65497087177478,8.083133948476684,9.138158095510395,1.553884870127625,2012-10-15 12:08:04
173,,,,,2012-10-15 12:08:04
175,,,,,2012-10-15 12:08:04
176,9.576156641307628,4.0870926882091325,9.409250711139892,1.825216705339003,2012-10-15 12:08:04
177,,,,,2012-10-15 12:08:04
179,6.999643178571737,5.633918072884544,6.794736775180755,8.80404408772786,2012-10-15 12:08:04
180,2.6485568598697053,2.6315789473684212,2.190152720401163,9.12828947368421,2012-10-15 12:08:04
181,,,,,2012-10-15 12:08:04
184,7.822222233376304,6.24561410201221,8.45614081934879,,2012-10-15 12:08:04
185,2.9308235728020327,4.326835751533508,1.325055416885176,7.610096484067145,2012-10-15 12:08:04
187,,,,,2012-10-15 12:08:04
189,0.8,,,0.7333333333333333,2012-10-15 12:08:04
191,3.268698140194542,3.71517030816329,5.851393247905527,5.290858620091473,2012-10-15 12:08:04
194,,,,,2012-10-15 12:08:04
195,,,,,2012-10-15 12:08:04
196,4.122982472871479,3.8917150115966788,1.859649181365966,7.850499153137211,2012-10-15 12:08:04
198,,,,,2012-10-15 12:08:04
199,,,,,2012-10-15 12:08:04
200,6.633070213585569,4.874502978073923,7.998958707441357,1.0945476966991798,2012-10-15 12:08:04
202,,,,,2012-10-15 12:08:04
203,,,,,2012-10-15 12:08:04
204,,,,,2012-10-15 12:08:04
205,,,,,2012-10-15 12:08:04
207,3.996959069904528,2.008036181801244,7.325321615118737,2.1472929447017908,2012-10-15 12:08:04
209,9.409722222222221,8.5714282989502,9.25,1.3120370149612417,2012-10-15 12:08:04
210,1.1842105263157894,1.4473684210526316,1.6666665830110263,,2012-10-15 12:08:04
211,4.873600272091276,5.318007439563144,2.390263171697917,7.859423610285713,2012-10-15 12:08:04
212,8.296296359874583,6.0,8.54545497894287,3.5446968793869003,2012-10-15 12:08:04
213,5.869523741404216,5.985238049825034,5.403333333333333,8.965872902340362,2012-10-15 12:08:04
215,,,,,2012-10-15 12:08:04
217,,,,,2012-10-15 12:08:04
219,5.555555555555555,,,,2012-10-15 12:08:04
220,3.3799122807017543,3.512414929573996,3.6547677920157455,7.169676485117409,2012-10-15 12:08:04
221,,,,,2012-10-15 12:08:04
224,,,,5.0,2012-10-15 12:08:04
225,,,,,2012-10-15 12:08:04
226,6.109161920714788,5.118109113459,7.803801116608738,7.12799700979601,2012-10-15 12:08:04
227,0.7,,,,2012-10-15 12:08:04
228,4.444444444444445,,,,2012-10-15 12:08:04
229,,,,0.5500000000000002,2012-10-15 12:08:04
231,,,,,2012-10-15 12:08:04
233,0.4736841979779685,1.1052631077013526,7.894736842105263,1.3157894736842106,2012-10-15 12:08:04
234,5.978888835906983,5.899999968210857,5.76944449742635,8.027777777777779,2012-10-15 12:08:04
235,5.937571651354636,5.884832549346123,6.688169836496048,7.71572571235791,2012-10-15 12:08:04
237,,,,,2012-10-15 12:08:04
238,,,,,2012-10-15 12:08:04
239,,,,,2012-10-15 12:08:04
242,4.620555555555556,3.915,2.989999952316285,8.822222116258411,2012-10-15 12:08:04
243,,,,,2012-10-15 12:08:04
246,1.8182615572946124,1.5789473684210527,7.368421052631579,2.153110002216542,2012-10-15 12:08:04
247,,,,,2012-10-15 12:08:04
248,,,,,2012-10-15 12:08:04
251,8.022185463754756,8.196340816397417,8.99157890219437,4.390877233137162,2012-10-15 12:08:04
252,,,,,2012-10-15 12:08:04
254,,,,,2012-10-15 12:08:04
255,2.9308235728020327,4.326835751533508,1.325055416885176,7.610096484067145,2012-10-15 12:08:04
256,,,,,2012-10-15 12:08:04
257,,,,,2012-10-15 12:08:04
259,7.80000019073486,7.25,7.875,2.2222220897674503,2012-10-15 12:08:04
260,,,,1.95,2012-10-15 12:08:04
262,,,,,2012-10-15 12:08:04
264,,,,,2012-10-15 12:08:04
266,,,,,2012-10-15 12:08:04
267,,,,,2012-10-15 12:08:04
269,,,,,2012-10-15 12:08:04
270,9.685428565979004,7.401055432871765,9.288909839328966,0.21568923757787367,2012-10-15 12:08:04
272,,,,,2012-10-15 12:08:04
275,,,,,2012-10-15 12:08:04
278,,,,,2012-10-15 12:08:04
280,6.071346701683353,5.899085593223565,6.989778987482973,7.83888895511627,2012-10-15 12:08:04
281,,,,,2012-10-15 12:08:04
282,7.194994061386375,6.793807809478356,7.999706477115026,7.859664148364155,2012-10-15 12:08:04
285,7.65833330154419,9.0,9.0,5.833333333333333,2012-10-15 12:08:04
288,,,,,2012-10-15 12:08:04
290,6.532149159987299,5.880921052631579,6.059999949806619,6.424335882621898,2012-10-15 12:08:04
292,,,,,2012-10-15 12:08:04
293,7.756232713398158,6.1218838942678415,7.811634164107473,9.335179579885368,2012-10-15 12:08:04
296,2.4599656597680286,1.9195047177766476,1.1133603045814895,,2012-10-15 12:08:04
299,0.5139318892830316,0.3618421052631579,2.6754386801468684,1.9649122305083597,2012-10-15 12:08:04
300,5.80666660308838,5.69333339691162,6.772424170176187,8.289393957455953,2012-10-15 12:08:04
301,,,,,2012-10-15 12:08:04
303,,,,,2012-10-15 12:08:04
304,,,,,2012-10-15 12:08:04
306,0.8912280651561,1.2012280618098736,1.7523976203851515,0.9970525113114201,2012-10-15 12:08:04
307,,,,,2012-10-15 12:08:04
308,,,,,2012-10-15 12:08:04
309,1.25,2.1092982456140352,5.583684210526316,4.868421052631579,2012-10-15 12:08:04
310,2.5,1.5789473684210527,0.7894736842105263,7.5,2012-10-15 12:08:04
311,3.118301891527678,2.6251388829632805,3.710684542404978,7.831412994652459,2012-10-15 12:08:04
313,7.1899999999999995,7.77,4.02,9.225000000000001,2012-10-15 12:08:04
315,,,,5.366666666666666,2012-10-15 12:08:04
317,,,,,2012-10-15 12:08:04
318,3.6251581474586767,3.3530027044446853,3.1070787958094956,7.129166666666666,2012-10-15 12:08:04
319,,,,,2012-10-15 12:08:04
321,,,,,2012-10-15 12:08:04
322,,,,,2012-10-15 12:08:04
323,,,,,2012-10-15 12:08:04
325,,,,,2012-10-15 12:08:04
326,,,,,2012-10-15 12:08:04
328,,,,,2012-10-15 12:08:04
332,,,,,2012-10-15 12:08:04
334,,,,,2012-10-15 12:08:04
335,4.19999980926514,3.66666674613953,6.25,7.083333333333333,2012-10-15 12:08:04
336,,,,,2012-10-15 12:08:04
337,,,,,2012-10-15 12:08:04
339,,,,,2012-10-15 12:08:04
341,,,,8.333333333333334,2012-10-15 12:08:04
342,1.6,,,5.0,2012-10-15 12:08:04
345,4.506594319166959,4.991710550157647,1.762511944896298,8.623349248986493,2012-10-15 12:08:04
349,,,,,2012-10-15 12:08:04
350,,,,,2012-10-15 12:08:04
351,8.759454224495402,7.5,5.538847069991263,6.119047666850842,2012-10-15 12:08:04
353,5.526315789473684,5.7894736842105265,5.939849552355315,8.947368421052632,2012-10-15 12:08:04
354,3.019390608135021,2.6315789473684212,,,2012-10-15 12:08:04
355,,,,,2012-10-15 12:08:04
356,6.29,6.71,4.43,9.766666666666667,2012-10-15 12:08:04
357,1.214551395165293,1.0421115258492921,4.209868421052631,2.504901980098922,2012-10-15 12:08:04
358,,,,,2012-10-15 12:08:04
360,3.789473583823758,3.263157794350074,4.6315790477551895,9.263158095510368,2012-10-15 12:08:04
361,,,,,2012-10-15 12:08:04
362,4.888888888888889,,,,2012-10-15 12:08:04
363,,,,,2012-10-15 12:08:04
364,,,,,2012-10-15 12:08:04
366,,,,6.666666666666667,2012-10-15 12:08:04
367,,,,,2012-10-15 12:08:04
368,5.055204214501343,5.350877360293737,3.461538365012721,,2012-10-15 12:08:04
369,5.555555555555555,,,,2012-10-15 12:08:04
370,4.85,4.86,4.43,8.725000000000001,2012-10-15 12:08:04
372,,,,,2012-10-15 12:08:04
373,8.087119990399012,4.955942507543066,8.836644899970604,4.338888919395317,2012-10-15 12:08:04
374,,,,,2012-10-15 12:08:04
375,,,,,2012-10-15 12:08:04
376,,,,,2012-10-15 12:08:04
377,,,,,2012-10-15 12:08:04
378,6.844444444444444,8.18,2.5,9.758333333333333,2012-10-15 12:08:04
379,,,,5.0,2012-10-15 12:08:04
380,4.6,3.8,2.6,7.333333333333333,2012-10-15 12:08:04
382,2.867912109274613,3.1839473276389265,2.5869078539547163,9.044613074001518,2012-10-15 12:08:04
383,9.8,2.25,8.6,1.0000000000000002,2012-10-15 12:08:04
384,,,,,2012-10-15 12:08:04
385,,,,,2012-10-15 12:08:04
386,8.157894736842104,5.3007517362895795,7.964912213777263,,2012-10-15 12:08:04
388,,,,,2012-10-15 12:08:04
389,,,,,2012-10-15 12:08:04
393,,,,,2012-10-15 12:08:04
395,3.5595170837722088,3.5453867367694247,4.241718463646738,8.621036635616365,2012-10-15 12:08:04
397,,,,,2012-10-15 12:08:04
399,5.285,4.609999999999999,7.195,8.383333333333333,2012-10-15 12:08:04
401,3.989642806053163,4.167619024912517,4.2380952835083,7.936111044883729,2012-10-15 12:08:04
402,3.84333331743876,3.9133333651224764,3.5287879149119066,8.464141390058728,2012-10-15 12:08:04
403,,,,,2012-10-15 12:08:04
404,5.67,5.89,5.14,1.5166666666666666,2012-10-15 12:08:04
405,5.827431059887536,5.412659360484071,7.2347066585641135,7.390913676546332,2012-10-15 12:08:04
406,,,,,2012-10-15 12:08:04
407,,,,,2012-10-15 12:08:04
409,,,,,2012-10-15 12:08:04
411,,,,,2012-10-15 12:08:04
412,,,,,2012-10-15 12:08:04
414,,,,,2012-10-15 12:08:04
417,4.581203079223632,4.850877109326816,6.947368421052632,6.062719298245614,2012-10-15 12:08:04
418,,,,,2012-10-15 12:08:04
419,5.3874658497592804,5.186842105263158,3.964736842105263,9.530890874137661,2012-10-15 12:08:04
421,,,,,2012-10-15 12:08:04
422,3.3,4.285,5.515000000000001,9.5,2012-10-15 12:08:04
423,6.111111111111111,,,,2012-10-15 12:08:04
424,,,,,2012-10-15 12:08:04
425,,,,,2012-10-15 12:08:04
426,,,,,2012-10-15 12:08:04
427,,,,5.833333333333333,2012-10-15 12:08:04
428,8.496240314684423,8.245613700465158,6.105263358668263,9.263158095510368,2012-10-15 12:08:04
429,,,,,2012-10-15 12:08:04
431,,,,,2012-10-15 12:08:04
432,,,,,2012-10-15 12:08:04
433,2.7935223830373683,2.031579017639158,4.500537169607063,,2012-10-15 12:08:04
434,7.4,2.17,8.33,5.833333333333333,2012-10-15 12:08:04
435,9.210526315789474,7.105263157894737,9.473684210526315,7.894736842105263,2012-10-15 12:08:04
436,,,,,2012-10-15 12:08:04
437,6.543247654786585,3.9948566048605403,7.527535281264982,6.61432751884238,2012-10-15 12:08:04
438,,,,,2012-10-15 12:08:04
439,5.571687597977474,5.060018238268421,4.154135553460374,,2012-10-15 12:08:04
440,8.144444444444444,,,,2012-10-15 12:08:04
441,,,,,2012-10-15 12:08:04
442,0.0714285746216775,0.214285716414452,6.0,0.47619044780731684,2012-10-15 12:08:04
443,6.04166650772095,5.72727251052856,5.875,8.876851940155031,2012-10-15 12:08:04
444,,,,,2012-10-15 12:08:04
445,,,,,2012-10-15 12:08:04
446,,,,,2012-10-15 12:08:04
448,3.02154192450451,3.120680608247458,2.2062733298853843,,2012-10-15 12:08:04
450,3.3333333333333335,,,,2012-10-15 12:08:04
451,5.947308203847786,5.884832549346123,6.688169836496048,7.71572571235791,2012-10-15 12:08:04
453,,,,,2012-10-15 12:08:04
454,6.855111079321968,7.266666666666667,4.4380952835083,9.08564805984497,2012-10-15 12:08:04
455,,,,,2012-10-15 12:08:04
456,8.560933464451843,8.077556606091946,4.775921052631579,2.5798246450591487,2012-10-15 12:08:04
457,0.5263157894736842,0.8771930242839631,1.0526315789473684,0.877192647833579,2012-10-15 12:08:04
458,7.2961191768534714,8.477043352629,4.244120748419511,7.666666750322307,2012-10-15 12:08:04
460,2.6,,,,2012-10-15 12:08:04
462,,,,,2012-10-15 12:08:04
463,,,,,2012-10-15 12:08:04
465,,,,,2012-10-15 12:08:04
466,5.2631578947368425,5.394736842105263,6.118421052631579,6.776315789473684,2012-10-15 12:08:04
467,2.5700000000000003,2.3775,2.013888895511625,4.985802586873372,2012-10-15 12:08:04
470,,,,,2012-10-15 12:08:04
473,,,,,2012-10-15 12:08:04
474,,,,,2012-10-15 12:08:04
475,,,,,2012-10-15 12:08:04
478,,,,,2012-10-15 12:08:04
479,,,,,2012-10-15 12:08:04
482,7.756232713398158,8.227146550228737,2.8531855031063684,9.22437667846679,2012-10-15 12:08:04
484,,,,,2012-10-15 12:08:04
486,7.222222222222222,,,,2012-10-15 12:08:04
487,6.45,,,7.5,2012-10-15 12:08:04
488,,,,,2012-10-15 12:08:04
489,,,,,2012-10-15 12:08:04
490,,,,,2012-10-15 12:08:04
491,,,,,2012-10-15 12:08:04
492,,,,,2012-10-15 12:08:04
493,,,,,2012-10-15 12:08:04
500,,,,,2012-10-15 12:08:04
501,6.532149159987299,5.880921052631579,6.059999949806619,6.424335882621898,2012-10-15 12:08:04
502,5.75,4.5,8.0,6.0,2012-10-15 12:08:04
504,,,,,2012-10-15 12:08:04
506,6.220095785040579,5.5980863069233155,2.9999998996132318,,2012-10-15 12:08:04
508,,,,,2012-10-15 12:08:04
509,6.10171424484253,6.202140199259709,5.499868421052632,8.899485327486403,2012-10-15 12:08:04
512,6.235500778733631,8.235964912280702,3.7102490635922085,9.37046783625731,2012-10-15 12:08:04
514,2.175396798507511,1.6343490700972685,1.6290727414582895,2.046052531192184,2012-10-15 12:08:04
516,,,,,2012-10-15 12:08:04
519,3.3333333333333335,,,,2012-10-15 12:08:04
520,2.9116666666666666,2.81,2.9377777512868235,6.609595839182534,2012-10-15 12:08:04
521,8.258771929824562,6.443333333333333,7.425087719298245,7.010233918128655,2012-10-15 12:08:04
523,,,,,2012-10-15 12:08:04
524,9.275165991011654,6.190058582707467,9.387125943836418,0.9409664042511813,2012-10-15 12:08:04
525,,,,,2012-10-15 12:08:04
526,6.125,7.165,4.835,10.0,2012-10-15 12:08:04
527,,,,,2012-10-15 12:08:04
528,7.699711305049421,4.046622807017544,8.25140350877193,5.481277041965065,2012-10-15 12:08:04
529,,,,,2012-10-15 12:08:04
531,4.728801253246283,5.642105403699368,7.141382819727841,6.338596611692202,2012-10-15 12:08:04
534,,,,,2012-10-15 12:08:04
535,5.46,3.25,9.17,2.433333333333333,2012-10-15 12:08:04
536,,,,,2012-10-15 12:08:04
538,,,,,2012-10-15 12:08:04
542,9.444444444444445,,,,2012-10-15 12:08:04
543,5.923316238321524,8.217293912736997,3.0695161553433064,8.485544065843552,2012-10-15 12:08:04
544,5.756746487533842,5.894848424008018,4.007992165548759,9.346783625730994,2012-10-15 12:08:04
545,,,,,2012-10-15 12:08:04
546,6.482573099415204,5.076130831534402,6.826315822935947,8.4921727052209,2012-10-15 12:08:04
547,8.255555555555555,,,,2012-10-15 12:08:04
548,5.833333333333333,,,,2012-10-15 12:08:04
550,,,,,2012-10-15 12:08:04
551,,,,,2012-10-15 12:08:04
552,7.777777777777778,,,,2012-10-15 12:08:04
553,2.4166666666666665,2.0277777512868234,5.166666666666667,2.652777810891471,2012-10-15 12:08:04
556,,,,,2012-10-15 12:08:04
557,1.6425229641429158,1.9526315622162402,1.2670008274546842,3.701754452889421,2012-10-15 12:08:04
558,3.645090128060205,3.844287306635004,3.9790996925454403,7.931760237175121,2012-10-15 12:08:04
559,6.500526382713982,6.01719298245614,6.176140350877193,9.380263157894737,2012-10-15 12:08:04
561,,,,,2012-10-15 12:08:04
562,5.555555555555555,,,,2012-10-15 12:08:04
564,,,,,2012-10-15 12:08:04
565,,,,,2012-10-15 12:08:04
566,,,,,2012-10-15 12:08:04
567,,,,,2012-10-15 12:08:04
568,2.033333333333333,,,,2012-10-15 12:08:04
569,,,,2.5,2012-10-15 12:08:04
572,1.0526315789473684,2.6315789473684212,6.184210526315789,6.184210526315789,2012-10-15 12:08:04
573,4.734688044096295,5.434210476122395,5.099561319853128,7.725877276638096,2012-10-15 12:08:04
574,4.166666666666667,,,,2012-10-15 12:08:04
575,,,,,2012-10-15 12:08:04
579,7.543859481811526,5.536842346191421,7.852631619102053,1.7894737344039107,2012-10-15 12:08:04
580,,,,,2012-10-15 12:08:04
581,3.86,4.29,5.8,8.566666666666666,2012-10-15 12:08:04
582,,,,,2012-10-15 12:08:04
584,9.606461932533659,3.8070175773219055,9.589361074347236,0.9358101209004728,2012-10-15 12:08:04
585,6.390567078636866,6.729485657340605,3.838519713000248,8.528357328113756,2012-10-15 12:08:04
586,,,,,2012-10-15 12:08:04
587,,,,,2012-10-15 12:08:04
590,7.2185635792209855,7.293139023529854,6.505526255557408,7.7791228070175436,2012-10-15 12:08:04
593,,,,,2012-10-15 12:08:04
596,7.145911299303959,7.912986111138999,6.598333373069762,5.094579403860525,2012-10-15 12:08:04
597,,,,,2012-10-15 12:08:04
599,6.678362673486179,7.0760235033537375,5.197368421052632,7.684210727089316,2012-10-15 12:08:04
600,,,,,2012-10-15 12:08:04
601,,,,,2012-10-15 12:08:04
602,4.924811814960684,4.44976053739849,7.5811867964895265,5.050438496104457,2012-10-15 12:08:04
603,3.00637956251178,2.918660264266163,4.5029238650673316,8.187134391383106,2012-10-15 12:08:04
604,,,,,2012-10-15 12:08:04
609,7.5789471676475255,4.7368421052631575,9.789473884984053,1.0526315789473684,2012-10-15 12:08:04
610,,,,,2012-10-15 12:08:04
612,5.515789232755947,5.9868421052631575,4.18947370428788,7.565789473684211,2012-10-15 12:08:04
613,,,,,2012-10-15 12:08:04
614,1.252951140591973,0.8404135090740107,5.150256842186584,0.2721929824561404,2012-10-15 12:08:04
617,9.026315588700157,8.975069146407263,,,2012-10-15 12:08:04
618,,,,,2012-10-15 12:08:04
619,3.3333333333333335,,,,2012-10-15 12:08:04
620,,,,,2012-10-15 12:08:04
622,,,,,2012-10-15 12:08:04
623,6.736842205649947,5.2631578947368425,5.7894736842105265,7.703349464818053,2012-10-15 12:08:04
625,8.144444380866158,5.80000019073486,8.6363639831543,3.4848485390345254,2012-10-15 12:08:04
627,5.906666666666667,5.116666666666666,7.583333333333333,8.5,2012-10-15 12:08:04
628,9.424724578857422,6.257310164602157,9.040935917904527,0.23843699589110345,2012-10-15 12:08:04
629,2.829916992745204,3.8505263157894736,1.8800509068003877,9.08720760233918,2012-10-15 12:08:04
630,5.031666746139525,5.968333253860475,5.51499990463257,8.683333333333334,2012-10-15 12:08:04
633,,,,,2012-10-15 12:08:04
634,8.421052631578947,6.842105263157895,8.947368421052632,7.368421052631579,2012-10-15 12:08:04
636,,,,,2012-10-15 12:08:04
637,,,,9.716666666666667,2012-10-15 12:08:04
638,6.59999990463257,5.80000019073486,6.80000019073486,5.0,2012-10-15 12:08:04
639,,,,,2012-10-15 12:08:04
640,,,,,2012-10-15 12:08:04
645,7.596891528421441,7.618999228226513,7.812705328840961,7.736849362222773,2012-10-15 12:08:04
646,,,,,2012-10-15 12:08:04
647,5.146700099476597,5.914786991320159,3.258145482916579,4.076566451892518,2012-10-15 12:08:04
648,5.555555555555555,,,,2012-10-15 12:08:04
649,1.4,,,,2012-10-15 12:08:04
650,3.638888888888889,,,7.616666666666667,2012-10-15 12:08:04
651,8.010891631723148,8.390097881618301,3.7011099967203656,8.452777711550397,2012-10-15 12:08:04
652,,,,,2012-10-15 12:08:04
653,5.5,4.5,4.75,5.0,2012-10-15 12:08:04
656,5.57142877578735,5.80000019073486,5.80000019073486,9.047618707021083,2012-10-15 12:08:04
657,7.890714172880092,8.408934215244502,5.697706224541921,8.587244388178775,2012-10-15 12:08:04
658,7.4997460589938685,6.593435701320044,7.18543441320721,6.986206338782066,2012-10-15 12:08:04
659,4.2875,4.106410280863443,2.6109090836842865,9.22307690779368,2012-10-15 12:08:04
662,,,,,2012-10-15 12:08:04
664,4.185592852809973,2.8941708949574245,6.5490643163312985,5.357309941520468,2012-10-15 12:08:04
665,,,,,2012-10-15 12:08:04
669,4.2,5.0,3.4,2.85,2012-10-15 12:08:04
670,9.8,,,,2012-10-15 12:08:04
671,,,,,2012-10-15 12:08:04
672,,,,,2012-10-15 12:08:04
674,,,,,2012-10-15 12:08:04
675,6.238493921975174,4.257963883249384,8.684487613878762,7.503231684366851,2012-10-15 12:08:04
676,,,,,2012-10-15 12:08:04
677,,,,,2012-10-15 12:08:04
679,,,,,2012-10-15 12:08:04
681,,,,,2012-10-15 12:08:04
682,,,,,2012-10-15 12:08:04
683,6.6,5.0,7.6,6.5,2012-10-15 12:08:04
685,,,,,2012-10-15 12:08:04
686,1.3740634852515319,1.0559962403774255,4.508301967068723,2.359498692730016,2012-10-15 12:08:04
688,7.22040930095471,7.534349800912947,2.3791812726071,9.434356836687044,2012-10-15 12:08:04
689,,,,,2012-10-15 12:08:04
692,,,,,2012-10-15 12:08:04
693,4.871208617896368,4.566379646167421,5.525452040287486,7.129532163742691,2012-10-15 12:08:04
695,,,,,2012-10-15 12:08:04
696,,,,,2012-10-15 12:08:04
697,6.381578947368421,4.671052631578948,5.2631578947368425,6.842105263157895,2012-10-15 12:08:04
698,,,,,2012-10-15 12:08:04
699,,,,,2012-10-15 12:08:04
701,3.289473684210526,3.9473684210526314,1.3157894736842106,8.197807017543859,2012-10-15 12:08:04
702,4.656502363045081,2.8070176275152896,5.7644111231753685,0.18796992929358156,2012-10-15 12:08:04
703,,,,,2012-10-15 12:08:04
706,3.063742684481437,3.80005944235283,2.9641986378452225,8.151303252281503,2012-10-15 12:08:04
708,1.4,,,4.45,2012-10-15 12:08:04
709,6.315789473684211,6.315789473684211,9.473684210526315,6.842105263157895,2012-10-15 12:08:04
710,,,,,2012-10-15 12:08:04
711,,,,,2012-10-15 12:08:04
712,,,,,2012-10-15 12:08:04
713,6.661837746246521,2.1497165927552335,9.513070175438596,4.9488304093567255,2012-10-15 12:08:04
715,,,,,2012-10-15 12:08:04
716,8.660761180676895,8.766769609953212,9.068826374254735,,2012-10-15 12:08:04
717,,,,,2012-10-15 12:08:04
720,2.3,1.828571462631225,5.549285612106325,3.634920597076417,2012-10-15 12:08:04
721,,,,,2012-10-15 12:08:04
723,5.766711852945543,5.587597766073132,7.20830947474429,8.9012916856063,2012-10-15 12:08:04
725,4.049239780470643,4.271578921016893,3.541083924017455,9.223333353410691,2012-10-15 12:08:04
726,4.444444444444445,,,,2012-10-15 12:08:04
729,,,,,2012-10-15 12:08:04
733,,,,,2012-10-15 12:08:04
734,2.829916992745204,3.8505263157894736,1.8800509068003877,9.08720760233918,2012-10-15 12:08:04
737,6.109161920714788,5.118109113459,7.803801116608738,7.12799700979601,2012-10-15 12:08:04
738,6.666666666666667,,,,2012-10-15 12:08:04
741,,,,,2012-10-15 12:08:04
742,3.611752961746201,3.868014366501256,3.2028110033587405,7.990377713588244,2012-10-15 12:08:04
743,,,,,2012-10-15 12:08:04
744,,,,,2012-10-15 12:08:04
747,,,,,2012-10-15 12:08:04
748,,,,,2012-10-15 12:08:04
749,1.835,1.835,3.875,0.09166666666666674,2012-10-15 12:08:04
750,7.357456140350877,8.968421534488053,8.338493547941525,0.6368421002438185,2012-10-15 12:08:04
751,1.5438596825850635,1.2982456307662158,0.5614034753096736,,2012-10-15 12:08:04
752,5.46,6.58,3.18,7.949999999999999,2012-10-15 12:08:04
753,,,,,2012-10-15 12:08:04
756,2.045373433631763,2.110777524395993,1.6440396319565003,6.19734158465737,2012-10-15 12:08:04
757,3.1072222487131764,2.907272748947145,2.7325,7.038888888888889,2012-10-15 12:08:04
759,,,,,2012-10-15 12:08:04
760,4.33,4.75,3.83,10.0,2012-10-15 12:08:04
761,,,,,2012-10-15 12:08:04
762,,,,,2012-10-15 12:08:04
763,4.7368421052631575,6.315789473684211,6.578947368421052,9.210526315789474,2012-10-15 12:08:04
766,6.975013359248283,3.3971292094180474,9.377990521882683,1.387559991133842,2012-10-15 12:08:04
768,,,,,2012-10-15 12:08:04
769,0.5,,,0.0,2012-10-15 12:08:04
771,,,,,2012-10-15 12:08:04
772,2.9308235728020327,4.326835751533508,1.325055416885176,7.610096484067145,2012-10-15 12:08:04
773,7.426084860100844,7.572475328445434,7.190064668404434,2.3242830500686336,2012-10-15 12:08:04
774,,,,,2012-10-15 12:08:04
777,,,,,2012-10-15 12:08:04
779,7.222222222222222,,,,2012-10-15 12:08:04
780,,,,,2012-10-15 12:08:04
783,,,,,2012-10-15 12:08:04
784,6.961132410618294,6.916953687165912,3.8431383922643825,9.742689924630497,2012-10-15 12:08:04
786,,,,,2012-10-15 12:08:04
789,3.0462865775928165,3.003099387319465,4.246284839563202,8.564717423288439,2012-10-15 12:08:04
790,,,,,2012-10-15 12:08:04
791,1.2152014332040701,1.0617276969708895,3.204986604263907,4.350785285380847,2012-10-15 12:08:04
792,,,,,2012-10-15 12:08:04
793,,,,,2012-10-15 12:08:04
794,6.711221059163403,6.965944390547894,5.9969636013633165,,2012-10-15 12:08:04
795,,,,,2012-10-15 12:08:04
796,,,,,2012-10-15 12:08:04
797,1.1111111111111112,,,2.5,2012-10-15 12:08:04
800,,,,,2012-10-15 12:08:04
801,,,,,2012-10-15 12:08:04
802,,,,,2012-10-15 12:08:04
806,,,,,2012-10-15 12:08:04
807,,,,,2012-10-15 12:08:04
808,6.2502826443796735,6.349824471473698,6.933319313902604,8.50240293034336,2012-10-15 12:08:04
809,2.627663020753024,3.1839473276389265,2.5869078539547163,9.069023792534548,2012-10-15 12:08:04
811,7.754385964912281,7.79421052631579,6.131578947368421,9.02046783625731,2012-10-15 12:08:04
812,,,,,2012-10-15 12:08:04
816,,,,,2012-10-15 12:08:04
817,,,,,2012-10-15 12:08:04
818,,,,,2012-10-15 12:08:04
822,,,,,2012-10-15 12:08:04
823,5.730994375128473,5.678670280858105,5.62326883014879,6.786703812448578,2012-10-15 12:08:04
824,,,,,2012-10-15 12:08:04
825,,,,,2012-10-15 12:08:04
826,,,,,2012-10-15 12:08:04
827,6.0,6.40000009536743,4.59999990463257,8.333333333333334,2012-10-15 12:08:04
828,,,,,2012-10-15 12:08:04
829,7.363728070175439,7.898518481338228,4.008654914989805,4.4560428106296905,2012-10-15 12:08:04
830,4.444444444444445,,,,2012-10-15 12:08:04
831,9.177777777777777,,,,2012-10-15 12:08:04
837,5.687053928040623,4.454887289749948,6.25,,2012-10-15 12:08:04
838,2.034804745724326,1.8898026315789473,1.372565789473684,8.781579114679701,2012-10-15 12:08:04
840,,,,,2012-10-15 12:08:04
841,,,,,2012-10-15 12:08:04
845,4.311527817514207,4.787272669474283,4.555,7.484090836842855,2012-10-15 12:08:04
846,7.616875593843515,6.414035004063658,7.378947468807816,8.518859649122806,2012-10-15 12:08:04
847,,,,,2012-10-15 12:08:04
849,3.989473644055815,4.390581532528526,3.2080201098793424,7.065789574071,2012-10-15 12:08:04
851,5.131578947368421,4.078947368421052,6.052631578947368,8.026315789473685,2012-10-15 12:08:04
853,,,,,2012-10-15 12:08:04
856,4.268642588832923,4.112474545930561,4.907109906380637,8.66468145805493,2012-10-15 12:08:04
861,4.444444444444445,,,,2012-10-15 12:08:04
863,2.2,2.25,7.0,5.333333333333333,2012-10-15 12:08:04
865,,,,,2012-10-15 12:08:04
870,9.018629979808427,4.714912113390468,8.623481549714738,3.7052631378173837,2012-10-15 12:08:04
872,9.777777777777779,,,,2012-10-15 12:08:04
873,3.1550158593919546,2.877424838919388,1.4772368446149329,6.4584962178949725,2012-10-15 12:08:04
874,,,,,2012-10-15 12:08:04
875,,,,,2012-10-15 12:08:04
878,4.483040902210258,3.9889195090846004,,,2012-10-15 12:08:04
882,1.5463527395850736,1.4121185690478277,2.456176366304096,1.2042062653156709,2012-10-15 12:08:04
883,,,,,2012-10-15 12:08:04
885,5.869523741404216,5.985238049825034,5.403333333333333,9.086904676755271,2012-10-15 12:08:04
886,,,,,2012-10-15 12:08:04
887,4.883333333333333,6.25,4.2,9.0,2012-10-15 12:08:04
888,5.534055609452105,4.939271023398947,6.842105263157895,8.81578947368421,2012-10-15 12:08:04
889,,,,,2012-10-15 12:08:04
890,,,,,2012-10-15 12:08:04
891,6.038781216270053,5.43859632391679,,,2012-10-15 12:08:04
892,6.290558002259994,7.306216012051232,2.8515053136725173,9.464291990849004,2012-10-15 12:08:04
894,6.256403278700328,6.399839248908197,6.110396521718881,8.730935712111627,2012-10-15 12:08:04
896,5.0,5.0,5.0,6.666666666666667,2012-10-15 12:08:04
897,8.88888888888889,,,,2012-10-15 12:08:04
898,,,,,2012-10-15 12:08:04
900,,,,,2012-10-15 12:08:04
902,3.7377370136104826,4.00975874976108,3.039928489107835,9.129022483491065,2012-10-15 12:08:04
904,3.444664412873995,3.5654623812123356,4.440720711256329,7.444498742153774,2012-10-15 12:08:04
905,,,,,2012-10-15 12:08:04
906,,,,,2012-10-15 12:08:04
907,,,,,2012-10-15 12:08:04
909,,,,,2012-10-15 12:08:04
910,2.3724512378932436,2.956648805685209,1.0674561675389604,7.449853888310876,2012-10-15 12:08:04
912,,,,,2012-10-15 12:08:04
915,6.688912228835253,7.193421052631579,4.210150384902954,8.30030231308519,2012-10-15 12:08:04
917,6.1218838942678415,6.315789473684211,,,2012-10-15 12:08:04
920,,,,,2012-10-15 12:08:04
921,6.543247654786585,3.9948566048605403,7.527535281264982,6.61432751884238,2012-10-15 12:08:04
922,6.388157794350079,5.969210476122395,6.5044736842105255,6.566666750322307,2012-10-15 12:08:04
923,,,,,2012-10-15 12:08:04
924,8.88888888888889,,,,2012-10-15 12:08:04
925,,,,,2012-10-15 12:08:04
927,,,,,2012-10-15 12:08:04
928,1.25,2.1092982456140352,5.583684210526316,4.868421052631579,2012-10-15 12:08:04
930,2.7777777777777777,,,,2012-10-15 12:08:04
931,,,,,2012-10-15 12:08:04
936,6.666666666666667,,,,2012-10-15 12:08:04
937,,,,,2012-10-15 12:08:04
940,2.634392070770263,4.1366572129099,3.120960185402316,,2012-10-15 12:08:04
941,3.20833325386047,3.27272725105286,3.125,7.5,2012-10-15 12:08:04
943,3.461722373962403,2.8708134199443633,6.17224894071879,8.133971314681212,2012-10-15 12:08:04
944,,,,,2012-10-15 12:08:04
945,3.289473684210526,4.7368421052631575,5.921052631578948,8.81578947368421,2012-10-15 12:08:04
946,,,,,2012-10-15 12:08:04
947,,,,,2012-10-15 12:08:04
948,6.016023336042439,5.982543859649122,3.8812865106683034,9.480099857620322,2012-10-15 12:08:04
949,2.3724512378932436,2.956648805685209,1.0674561675389604,7.449853888310876,2012-10-15 12:08:04
951,8.994444444444444,8.0,6.0,7.5,2012-10-15 12:08:04
952,,,,,2012-10-15 12:08:04
955,4.880555531713698,7.366666634877523,1.8666666507720933,9.6125,2012-10-15 12:08:04
956,,,,,2012-10-15 12:08:04
957,,,,,2012-10-15 12:08:04
958,5.3874658497592804,5.186842105263158,3.964736842105263,9.530890874137661,2012-10-15 12:08:04
961,4.08444449742635,4.337777830759683,4.41,9.694444444444445,2012-10-15 12:08:04
962,,,,,2012-10-15 12:08:04
963,5.555555555555555,,,,2012-10-15 12:08:04
964,,,,,2012-10-15 12:08:04
966,,,,,2012-10-15 12:08:04
967,6.578947368421052,7.368421052631579,2.763157894736842,7.2706140350877195,2012-10-15 12:08:04
968,1.383333373069765,1.0,3.0,5.833333333333333,2012-10-15 12:08:04
969,6.125925943586562,6.25,5.80000019073486,8.727380895614624,2012-10-15 12:08:04
971,3.6842105263157894,3.9473684210526314,6.842105263157895,7.631578947368421,2012-10-15 12:08:04
972,,,,,2012-10-15 12:08:04
973,3.729269005847953,3.472763110211022,3.476578947368421,8.449473685883639,2012-10-15 12:08:04
974,,,,,2012-10-15 12:08:04
975,,,,,2012-10-15 12:08:04
978,9.025928973315056,8.839599032151071,6.650877061643101,1.4474520937044026,2012-10-15 12:08:04
979,,,,,2012-10-15 12:08:04
981,4.794071304588982,4.393814983702544,6.014761098225912,2.675438596491228,2012-10-15 12:08:04
982,3.00637956251178,2.918660264266163,4.5029238650673316,8.187134391383106,2012-10-15 12:08:04
983,7.756232713398158,8.227146550228737,2.8531855031063684,9.22437667846679,2012-10-15 12:08:04
984,5.71428549917121,4.661653920223837,6.917293448197211,9.398496527420841,2012-10-15 12:08:04
985,,,,,2012-10-15 12:08:04
986,,,,,2012-10-15 12:08:04
987,8.885150068851948,2.325672559236225,9.75219298245614,0.2933479532163742,2012-10-15 12:08:04
988,,,,,2012-10-15 12:08:04
990,,,,,2012-10-15 12:08:04
993,9.662160601164166,7.6950000250966974,9.523421052631578,2.7560039674190064,2012-10-15 12:08:04
995,,,,,2012-10-15 12:08:04
996,,,,,2012-10-15 12:08:04
997,6.719298312538544,7.229916923924474,,,2012-10-15 12:08:04
998,,,,1.3833333333333335,2012-10-15 12:08:04
999,,,,,2012-10-15 12:08:04
1000,,,,,2012-10-15 12:08:04
1001,4.671052631578948,5.021578947368421,6.066140350877193,6.564327485380117,2012-10-15 12:08:04
1002,,,,,2012-10-15 12:08:04
1003,4.2105263157894735,5.112782026592053,6.315789473684211,2.406015145151237,2012-10-15 12:08:04
1005,3.9892592804055456,4.2346929803647475,4.735271543201645,9.293537156623703,2012-10-15 12:08:04
1006,4.078947368421052,4.298245781346374,1.0087719716523842,,2012-10-15 12:08:04
1007,,,,,2012-10-15 12:08:04
1008,,,,,2012-10-15 12:08:04
1009,,,,,2012-10-15 12:08:04
1010,,,,,2012-10-15 12:08:04
1011,,,,,2012-10-15 12:08:04
1012,,,,,2012-10-15 12:08:04
1013,6.473318681661149,6.948486794421548,7.619802631578947,8.845087782876533,2012-10-15 12:08:04
1014,1.33333337306976,1.5,2.25,0.6666666269302335,2012-10-15 12:08:04
1015,6.054298231671432,7.245,3.5473684210526315,9.607894736842105,2012-10-15 12:08:04
1016,,,,,2012-10-15 12:08:04
1017,,,,,2012-10-15 12:08:04
1018,7.5,,,,2012-10-15 12:08:04
1019,,,,,2012-10-15 12:08:04
1020,,,,,2012-10-15 12:08:04
1023,,,,8.666666666666666,2012-10-15 12:08:04
1024,,,,,2012-10-15 12:08:04
1025,,,,,2012-10-15 12:08:04
1026,2.4,,,7.216666666666666,2012-10-15 12:08:04
1027,,,,,2012-10-15 12:08:04
1028,,,,,2012-10-15 12:08:04
1029,3.2458993196673323,3.018269472624126,3.0805492099962737,7.902317853894148,2012-10-15 12:08:04
1030,5.40000009536743,5.085,6.90000009536743,7.6083334922790495,2012-10-15 12:08:04
1033,,,,,2012-10-15 12:08:04
1038,,,,,2012-10-15 12:08:04
1039,,,,,2012-10-15 12:08:04
1040,,,,,2012-10-15 12:08:04
1042,,,,,2012-10-15 12:08:04
1043,6.337719298245614,6.846140350877193,8.49157894736842,8.128654970760234,2012-10-15 12:08:04
1045,7.400447067238428,6.69396129808928,7.193878054702491,9.700615415517346,2012-10-15 12:08:04
1047,7.934503013209299,5.971929824561403,8.39982167294151,8.486594373022603,2012-10-15 12:08:04
1048,2.6216484370984525,2.982456056695237,2.094298161958395,7.834008116471158,2012-10-15 12:08:04
1049,7.7631578947368425,5.2631578947368425,5.0,8.157894736842104,2012-10-15 12:08:04
1050,,,,,2012-10-15 12:08:04
1051,,,,,2012-10-15 12:08:04
1052,,,,,2012-10-15 12:08:04
1053,6.155555555555555,,,,2012-10-15 12:08:04
1054,6.052631578947368,6.578947368421052,7.105263157894737,8.68421052631579,2012-10-15 12:08:04
1055,,,,,2012-10-15 12:08:04
1056,,,,,2012-10-15 12:08:04
1057,,,,,2012-10-15 12:08:04
1058,,,,,2012-10-15 12:08:04
1059,,,,,2012-10-15 12:08:04
1060,6.842105263157895,,5.2631578947368425,10.0,2012-10-15 12:08:04
1061,,,,,2012-10-15 12:08:04
1062,3.6464720782564384,3.4279226203968634,2.267145107921802,6.97094091917339,2012-10-15 12:08:04
1063,,,,,2012-10-15 12:08:04
1064,,,,,2012-10-15 12:08:04
1070,,,,,2012-10-15 12:08:04
1071,,,,,2012-10-15 12:08:04
1072,7.0197733918128655,4.519072657802649,8.459974841736912,3.8380116959064328,2012-10-15 12:08:04
1074,,,,,2012-10-15 12:08:04
1075,,,,0.0,2012-10-15 12:08:04
1077,,,,,2012-10-15 12:08:04
1080,,,,,2012-10-15 12:08:04
1083,,,,,2012-10-15 12:08:04
1084,,,,,2012-10-15 12:08:04
1086,8.2,,,,2012-10-15 12:08:04
1088,1.6,,,,2012-10-15 12:08:04
1090,5.29,6.0,4.29,9.049999999999999,2012-10-15 12:08:04
1091,,,,,2012-10-15 12:08:04
1092,,,,,2012-10-15 12:08:04
1094,8.2,,,,2012-10-15 12:08:04
1096,,,,,2012-10-15 12:08:04
1100,3.0,3.25,4.25,7.5,2012-10-15 12:08:04
1101,8.17214292526245,7.537593983767322,8.677435052436698,1.0650549116887529,2012-10-15 12:08:04
1104,5.229532107972263,7.313157894736842,2.120833333333333,9.764072784066888,2012-10-15 12:08:04
1105,4.75,4.5,3.75,2.5,2012-10-15 12:08:04
1106,,,,,2012-10-15 12:08:04
1107,5.4605263157894735,4.5029238650673316,5.065789473684211,5.2631578947368425,2012-10-15 12:08:04
1108,,,,,2012-10-15 12:08:04
1109,,,,,2012-10-15 12:08:04
1110,7.005274864397552,7.763921581067539,3.7139445380160683,8.754853708032979,2012-10-15 12:08:04
1111,2.3684210526315788,4.473684210526316,4.2105263157894735,10.0,2012-10-15 12:08:04
1112,,,,,2012-10-15 12:08:04
1113,3.2549600906121094,3.018269472624126,3.0805492099962737,7.657063984034352,2012-10-15 12:08:04
1116,,,,,2012-10-15 12:08:04
1117,,,,,2012-10-15 12:08:04
1118,7.245056727020831,7.640773503654877,5.5872408151626605,9.084625210009127,2012-10-15 12:08:04
1119,,,,,2012-10-15 12:08:04
1120,3.2324561264082696,2.4517543859649122,6.279370406301403,8.645923534192544,2012-10-15 12:08:04
1123,7.111111111111111,,,,2012-10-15 12:08:04
1124,,,,,2012-10-15 12:08:04
1126,,,,,2012-10-15 12:08:04
1128,,,,,2012-10-15 12:08:04
1130,,,,,2012-10-15 12:08:04
1131,,,,,2012-10-15 12:08:04
1134,,,,,2012-10-15 12:08:04
1136,8.255555555555555,,,,2012-10-15 12:08:04
1137,3.9562238213611622,3.6421052631578945,4.994736842105263,5.011842105263158,2012-10-15 12:08:04
1140,3.0,4.67,1.43,8.566666666666666,2012-10-15 12:08:04
1142,4.891420693871572,4.819907150268562,5.91606819018983,7.285500496312193,2012-10-15 12:08:04
1143,,,,,2012-10-15 12:08:04
1144,5.833333333333333,,,,2012-10-15 12:08:04
1145,,,,,2012-10-15 12:08:04
1146,,,,,2012-10-15 12:08:04
1147,,,,,2012-10-15 12:08:04
1149,,,,,2012-10-15 12:08:04
1151,,,,,2012-10-15 12:08:04
1154,3.378949481406408,3.386631809033847,2.5197966450139093,0.9874589091016499,2012-10-15 12:08:04
1157,,,,,2012-10-15 12:08:04
1158,,,,,2012-10-15 12:08:04
1160,2.79,2.9850000000000003,6.359999999999999,8.866666666666667,2012-10-15 12:08:04
1161,,,,,2012-10-15 12:08:04
1162,,,,,2012-10-15 12:08:04
1163,,,,,2012-10-15 12:08:04
1164,,,,,2012-10-15 12:08:04
1165,,,,,2012-10-15 12:08:04
1166,,,,,2012-10-15 12:08:04
1167,0.5263157894736842,0.583524076562179,1.6148326271458686,6.889338660658439,2012-10-15 12:08:04
1169,,,,,2012-10-15 12:08:04
1170,,,,,2012-10-15 12:08:04
1171,1.7728531988043528,2.243767286601821,,,2012-10-15 12:08:04
1172,,,,,2012-10-15 12:08:04
1173,0.7498099345491641,1.2242885362056264,6.4264911946079195,2.465580630163003,2012-10-15 12:08:04
1174,,,,,2012-10-15 12:08:04
1175,,,,,2012-10-15 12:08:04
1176,0.0,,,,2012-10-15 12:08:04
1179,9.11,5.33,9.63,2.3,2012-10-15 12:08:04
1180,7.28713444324962,6.561491169929508,7.867485988516557,6.667958623651869,2012-10-15 12:08:04
1181,,,,,2012-10-15 12:08:04
1182,,,,,2012-10-15 12:08:04
1183,,,,,2012-10-15 12:08:04
1184,6.33333349227905,5.66666650772095,7.75,2.916666666666667,2012-10-15 12:08:04
1185,,,,,2012-10-15 12:08:04
1188,2.0095694692511317,1.8181818409969948,6.3684212534051055,4.306220004433079,2012-10-15 12:08:04
1189,,,,,2012-10-15 12:08:04
1192,5.497417138194483,5.371107973801462,6.640917057489097,8.779485156745238,2012-10-15 12:08:04
1193,8.02523690831591,4.809437300029579,7.774699863634632,,2012-10-15 12:08:04
1194,0.8,,,5.0,2012-10-15 12:08:04
1195,,,,,2012-10-15 12:08:04
1199,,,,,2012-10-15 12:08:04
1200,7.240448857357632,7.945046675832659,1.9712383937835685,9.471388117472323,2012-10-15 12:08:04
1201,3.026315789473684,2.8654971875642476,2.4736841101395477,7.443608986703947,2012-10-15 12:08:04
1202,,,,,2012-10-15 12:08:04
1203,,,,,2012-10-15 12:08:04
1205,,,,,2012-10-15 12:08:04
1206,6.3149999999999995,4.73,8.59,4.725,2012-10-15 12:08:04
1207,0.6315789724651156,2.6842104761224053,5.808966787237894,3.338815789473684,2012-10-15 12:08:04
1208,,,,,2012-10-15 12:08:04
1209,,,,,2012-10-15 12:08:04
1210,8.3,,,,2012-10-15 12:08:04
1211,,,,,2012-10-15 12:08:04
1213,,,,,2012-10-15 12:08:04
1216,,,,,2012-10-15 12:08:04
1218,2.966666666666667,,,,2012-10-15 12:08:04
1219,5.716666666666667,,,9.049999999999999,2012-10-15 12:08:04
1221,7.1909090042114245,6.27272748947144,5.95833349227905,8.749999920527141,2012-10-15 12:08:04
1224,5.9944444444444445,,,,2012-10-15 12:08:04
1225,,,,,2012-10-15 12:08:04
1226,,,,,2012-10-15 12:08:04
1227,1.2152014332040701,1.0617276969708895,3.204986604263907,4.350785285380847,2012-10-15 12:08:04
1228,,,,,2012-10-15 12:08:04
1229,,,,,2012-10-15 12:08:04
1231,,,,,2012-10-15 12:08:04
1234,6.447368421052632,6.7105263157894735,7.5,8.39517543859649,2012-10-15 12:08:04
1235,,,,,2012-10-15 12:08:04
1239,1.0,,,0.4166666666666667,2012-10-15 12:08:04
1242,,,,,2012-10-15 12:08:04
1245,5.809897716589136,6.078421052631579,7.911949243378228,8.453508660388971,2012-10-15 12:08:04
1246,2.6216484370984525,2.982456056695237,2.094298161958395,7.834008116471158,2012-10-15 12:08:04
1247,,,,,2012-10-15 12:08:04
1250,,,,,2012-10-15 12:08:04
1251,8.391862943102742,6.7162281337537255,9.506023987887199,3.4729266076757197,2012-10-15 12:08:04
1252,3.7350877025671174,4.631578880443907,2.5756170072053615,9.190058345683129,2012-10-15 12:08:04
1253,3.88333336679559,4.035087886609532,3.263157794350074,,2012-10-15 12:08:04
1254,,,,,2012-10-15 12:08:04
1255,8.660761180676895,8.766769609953212,9.068826374254735,,2012-10-15 12:08:04
1257,5.555555555555555,,,,2012-10-15 12:08:04
1258,,,,,2012-10-15 12:08:04
1259,1.9017543290790737,2.2466614371851894,2.0326679631283424,,2012-10-15 12:08:04
1260,,,,,2012-10-15 12:08:04
1261,3.2,3.75,6.25,7.0,2012-10-15 12:08:04
1262,,,,,2012-10-15 12:08:04
1263,8.27857112884521,8.5714282989502,9.7142858505249,0.5555556217829335,2012-10-15 12:08:04
1264,,,,,2012-10-15 12:08:04
1266,4.666666666666667,,,,2012-10-15 12:08:04
1268,,,,,2012-10-15 12:08:04
1272,7.842916698455809,8.0938462638855,7.850714387893675,0.0,2012-10-15 12:08:04
1273,6.2949389521057855,6.848815789473685,7.022368518929728,8.469122815383106,2012-10-15 12:08:04
1274,,,,,2012-10-15 12:08:04
1275,,,,,2012-10-15 12:08:04
1276,,,,,2012-10-15 12:08:04
1277,3.197229877271151,3.826195734927528,5.273157961661351,9.070175505521,2012-10-15 12:08:04
1278,3.989473644055815,4.390581532528526,3.2080201098793424,7.065789574071,2012-10-15 12:08:04
1280,,,,,2012-10-15 12:08:04
1281,,,,2.5,2012-10-15 12:08:04
1282,,,,,2012-10-15 12:08:04
1283,,,,,2012-10-15 12:08:04
1284,3.587082340943187,3.0627259861795526,3.9622559704278655,7.864098849045598,2012-10-15 12:08:04
1286,4.582791053370427,4.412998420313785,6.229025378310895,9.009356658221689,2012-10-15 12:08:04
1287,5.43,5.67,3.57,7.216666666666666,2012-10-15 12:08:04
1290,,,,,2012-10-15 12:08:04
1291,,,,,2012-10-15 12:08:04
1292,2.1275,1.9033333174387599,3.6566666507720935,5.391666666666667,2012-10-15 12:08:04
1294,,,,,2012-10-15 12:08:04
1295,2.22333331743876,1.4800000317891433,2.6433333333333335,3.199999960263571,2012-10-15 12:08:04
1296,3.973157894736842,7.0784211530183425,0.3337570295835789,8.272215129339216,2012-10-15 12:08:04
1297,7.563571462631225,6.449523741404216,7.2219047164917,7.228571343421938,2012-10-15 12:08:04
1298,,,,,2012-10-15 12:08:04
1299,5.555555555555555,,,,2012-10-15 12:08:04
1300,,,,,2012-10-15 12:08:04
1302,4.093164035507113,3.7100015966515785,2.371715638386577,8.942097904473016,2012-10-15 12:08:04
1304,1.7777777777777777,,,,2012-10-15 12:08:04
1305,5.555555555555555,,,,2012-10-15 12:08:04
1306,4.166666666666667,,,,2012-10-15 12:08:04
1307,,,,,2012-10-15 12:08:04
1308,,,,,2012-10-15 12:08:04
1310,5.808943112423539,5.587597766073132,7.20830947474429,8.9012916856063,2012-10-15 12:08:04
1311,,,,,2012-10-15 12:08:04
1313,6.1218838942678415,6.315789473684211,,,2012-10-15 12:08:04
1314,,,,,2012-10-15 12:08:04
1317,0.5909090836842866,1.79999995231628,4.38888883590698,3.2500000794728585,2012-10-15 12:08:04
1318,8.65789513838921,6.381578947368421,9.424724578857422,0.9868421052631579,2012-10-15 12:08:04
1319,,,,,2012-10-15 12:08:04
1320,6.6,5.5,5.25,8.333333333333334,2012-10-15 12:08:04
1321,0.8848576952783684,0.6621929929130961,1.9877851075875141,3.5438883249383264,2012-10-15 12:08:04
1322,8.157894736842104,7.5789471676475255,3.6842105263157894,7.0000001003867895,2012-10-15 12:08:04
1323,,,,,2012-10-15 12:08:04
1324,5.560912791330213,4.802944710380153,4.930663460179381,9.146810176916299,2012-10-15 12:08:04
1327,8.255555555555555,,,,2012-10-15 12:08:04
1328,,,,,2012-10-15 12:08:04
1330,,,,,2012-10-15 12:08:04
1331,5.6982358945043465,5.088721752166747,7.047368589200478,5.830095182943067,2012-10-15 12:08:04
1332,,,,,2012-10-15 12:08:04
1333,7.703349464818053,4.4019136930766845,5.684210626702579,9.138755798339842,2012-10-15 12:08:04
1335,,,,,2012-10-15 12:08:04
1336,8.947368421052632,5.2631578947368425,9.210526315789474,6.842105263157895,2012-10-15 12:08:04
1338,4.496776315789473,4.879708595526846,3.6024529819739484,9.253508771929825,2012-10-15 12:08:04
1339,,,,,2012-10-15 12:08:04
1340,5.14285707473755,5.14285707473755,4.0,6.041666666666667,2012-10-15 12:08:04
1341,,,,,2012-10-15 12:08:04
1342,7.485380116959065,7.631578947368421,4.035087886609532,,2012-10-15 12:08:04
1345,,,,,2012-10-15 12:08:04
1348,,,,,2012-10-15 12:08:04
1351,,,,,2012-10-15 12:08:04
1352,,,,,2012-10-15 12:08:04
1355,7.128588425485711,4.614812065927605,8.142712743658763,7.049122890673184,2012-10-15 12:08:04
1358,,,,,2012-10-15 12:08:04
1359,,,,,2012-10-15 12:08:04
1360,2.2222222222222223,,,,2012-10-15 12:08:04
1361,6.214395711500975,5.746833110859521,6.513888861003671,7.855638257746112,2012-10-15 12:08:04
1362,6.315789473684211,6.105263358668263,2.8289473684210527,8.315789072137106,2012-10-15 12:08:04
1363,,,,,2012-10-15 12:08:04
1364,7.359122807017544,7.440061899820964,5.043261172645965,9.390454155102105,2012-10-15 12:08:04
1365,,,,,2012-10-15 12:08:04
1366,4.626666746139525,4.105,5.856666746139525,9.133333333333333,2012-10-15 12:08:04
1367,2.75,2.38,1.88,6.666666666666667,2012-10-15 12:08:04
1368,4.375,4.835,6.04,6.458333333333334,2012-10-15 12:08:04
1369,,,,,2012-10-15 12:08:04
1370,,,,,2012-10-15 12:08:04
1371,,,,,2012-10-15 12:08:04
1372,1.8320043100948233,2.0095694692511317,4.258373160111279,3.588516837672158,2012-10-15 12:08:04
1374,,,,10.0,2012-10-15 12:08:04
1375,5.8,6.0,5.44,8.333333333333334,2012-10-15 12:08:04
1376,,,,,2012-10-15 12:08:04
1377,,,,,2012-10-15 12:08:04
1378,2.9306530386383773,2.5938001492148945,3.1712374626962765,8.146506585572899,2012-10-15 12:08:04
1380,,,,,2012-10-15 12:08:04
1381,,,,,2012-10-15 12:08:04
1382,8.267544194271684,5.652173694811369,8.03203683150442,,2012-10-15 12:08:04
1383,,,,,2012-10-15 12:08:04
1385,,,,,2012-10-15 12:08:04
1387,,,,,2012-10-15 12:08:04
1388,7.339872453923798,5.885167372854158,6.6028710415488945,3.253588425485737,2012-10-15 12:08:04
1389,,,,,2012-10-15 12:08:04
1392,7.8,,,,2012-10-15 12:08:04
1393,6.437238249750865,6.160284730258736,5.787021601576553,9.170833333333333,2012-10-15 12:08:04
1395,,,,,2012-10-15 12:08:04
1396,,,,,2012-10-15 12:08:04
1400,,,,,2012-10-15 12:08:04
1406,6.543247654786585,3.9948566048605403,7.527535281264982,6.61432751884238,2012-10-15 12:08:04
1407,9.8,,,,2012-10-15 12:08:04
1408,4.0,,,,2012-10-15 12:08:04
1409,7.348177459579229,7.897858966777199,4.3886842607197005,5.947129160897777,2012-10-15 12:08:04
1411,7.390253422460124,8.421052631578947,6.982456006501842,,2012-10-15 12:08:04
1412,7.57142877578735,6.7142858505249,7.0,7.948809353510542,2012-10-15 12:08:04
1414,7.563571462631225,6.449523741404216,7.2219047164917,7.228571343421938,2012-10-15 12:08:04
1415,3.2397661153336017,2.5657894736842106,1.9078947368421053,7.796052631578948,2012-10-15 12:08:04
1418,8.226876734181456,5.708078315634477,7.895394691668052,1.1829574913309335,2012-10-15 12:08:04
1420,,,,,2012-10-15 12:08:04
1421,5.295497187564237,4.909335140429052,7.211634415074395,7.318351906224289,2012-10-15 12:08:04
1423,5.321637203818895,4.678362796181126,5.592105263157895,7.192982623451631,2012-10-15 12:08:04
1424,0.5,,,10.0,2012-10-15 12:08:04
1426,3.9659228049384225,7.736093253420106,1.4380701670730316,9.787269610131696,2012-10-15 12:08:04
1427,2.2611919237549545,1.8660965002210501,3.34058610677719,5.622926623361149,2012-10-15 12:08:04
1428,,,,,2012-10-15 12:08:04
1429,2.460438615564714,2.7489473684210526,1.4307894736842104,6.684473747788813,2012-10-15 12:08:04
1431,,,,,2012-10-15 12:08:04
1432,7.108209064327486,6.969824561403509,8.821733864232105,6.69982798169231,2012-10-15 12:08:04
1435,7.899442972402592,8.295739826403159,3.5839597802413152,9.507393412004438,2012-10-15 12:08:04
1436,7.800738458823044,7.913837125175883,7.9003283929824875,3.2088213617759873,2012-10-15 12:08:04
1437,,,,,2012-10-15 12:08:04
1438,3.268698140194542,3.71517030816329,5.851393247905527,5.290858620091473,2012-10-15 12:08:04
1439,,,,,2012-10-15 12:08:04
1440,9.2,,,,2012-10-15 12:08:04
1441,2.768327076184123,2.6259273055980072,2.0237876024999126,6.894298245614036,2012-10-15 12:08:04
1444,2.075731015065958,1.1111111389963262,,,2012-10-15 12:08:04
1446,,,,,2012-10-15 12:08:04
1447,9.8,2.25,8.6,1.0000000000000002,2012-10-15 12:08:04
1448,4.191534463239228,3.466666708494487,3.1736841854296234,7.798245714421851,2012-10-15 12:08:04
1450,2.585,2.415,3.875,0.5404762188593584,2012-10-15 12:08:04
1451,,,,,2012-10-15 12:08:04
1452,,,,5.0,2012-10-15 12:08:04
1453,,,,,2012-10-15 12:08:04
1454,,,,,2012-10-15 12:08:04
1455,5.036549707602339,5.657894736842105,3.859648955495731,,2012-10-15 12:08:04
1458,,,,,2012-10-15 12:08:04
1459,3.7777778781645486,4.6315790477551895,3.4210526315789473,9.000000200773528,2012-10-15 12:08:04
1460,,,,,2012-10-15 12:08:04
1461,5.808439806943752,5.990271100245026,6.058309664475289,5.5678841763212015,2012-10-15 12:08:04
1462,,,,,2012-10-15 12:08:04
1463,7.188413938853245,4.94383576267644,8.307599710414287,3.210255194212264,2012-10-15 12:08:04
1464,,,,,2012-10-15 12:08:04
1466,6.315789473684211,4.2105263157894735,7.368421052631579,7.894736842105263,2012-10-15 12:08:04
1473,,,,,2012-10-15 12:08:04
1475,3.772222222222222,,,8.75,2012-10-15 12:08:04
1477,,,,,2012-10-15 12:08:04
1478,,,,,2012-10-15 12:08:04
1482,,,,,2012-10-15 12:08:04
1484,,,,3.3333333333333335,2012-10-15 12:08:04
1485,6.054298231671432,7.245,3.5473684210526315,9.607894736842105,2012-10-15 12:08:04
1486,,,,,2012-10-15 12:08:04
1487,,,,,2012-10-15 12:08:04
1489,1.8,,,3.8166666666666664,2012-10-15 12:08:04
1490,,,,,2012-10-15 12:08:04
1491,5.721587250497607,5.985238049825034,5.403333333333333,8.965872902340362,2012-10-15 12:08:04
1492,4.08130947271983,4.167619024912517,4.2380952835083,7.936111044883729,2012-10-15 12:08:04
1494,,,,,2012-10-15 12:08:04
1495,,,,,2012-10-15 12:08:04
1496,7.8,,,,2012-10-15 12:08:04
1500,,,,,2012-10-15 12:08:04
1501,8.8,8.29,6.57,0.9166666666666666,2012-10-15 12:08:04
1502,,,,,2012-10-15 12:08:04
1504,,,,,2012-10-15 12:08:04
1506,9.725564128474192,5.861564962487474,9.611842105263158,0.943522484678966,2012-10-15 12:08:04
1507,,,,,2012-10-15 12:08:04
1508,,,,,2012-10-15 12:08:04
1509,5.065789473684211,5.0,5.723684210526316,6.0233919244063685,2012-10-15 12:08:04
1512,4.226315739280301,4.271929791099147,2.7008772097135845,7.138838466845053,2012-10-15 12:08:04
1516,8.333333333333334,,,,2012-10-15 12:08:04
1518,7.302631578947368,7.078947368421052,5.640701754385965,8.78654970760234,2012-10-15 12:08:04
1519,,,,,2012-10-15 12:08:04
1520,1.25,1.585,5.415,5.625,2012-10-15 12:08:04
1521,,,,,2012-10-15 12:08:04
1522,,,,,2012-10-15 12:08:04
1523,7.105263157894737,6.052631578947368,4.342105263157895,9.736842105263158,2012-10-15 12:08:04
1528,,,,,2012-10-15 12:08:04
1532,6.67,7.2,2.8,9.166666666666666,2012-10-15 12:08:04
1533,,,,,2012-10-15 12:08:04
1535,1.6578947870354894,2.1710526315789473,1.3157894736842106,3.8596490391513774,2012-10-15 12:08:04
1536,8.83,6.0,8.83,2.5,2012-10-15 12:08:04
1537,9.824561068886212,4.2105263157894735,9.421915757028684,0.7988718936317895,2012-10-15 12:08:04
1538,5.851629040812889,4.586466237118369,9.197995035271896,3.100313223453991,2012-10-15 12:08:04
1539,3.2492698480818016,3.2479887007412147,2.936688595445534,7.944786931422722,2012-10-15 12:08:04
1540,1.1479834946972576,4.072022187082389,4.03195481551321,,2012-10-15 12:08:04
1541,,,,,2012-10-15 12:08:04
1543,,,,,2012-10-15 12:08:04
1544,5.277777777777778,,,,2012-10-15 12:08:04
1546,,,,,2012-10-15 12:08:04
1547,4.6,,,,2012-10-15 12:08:04
1548,,,,,2012-10-15 12:08:04
1549,9.736842105263158,9.473684210526315,8.157894736842104,2.3684210526315788,2012-10-15 12:08:04
1550,,,,,2012-10-15 12:08:04
1552,,,,,2012-10-15 12:08:04
1553,2.2222222222222223,,,,2012-10-15 12:08:04
1554,,,,,2012-10-15 12:08:04
1556,4.356222906317165,4.574133034505342,4.277931652571025,6.992323337688783,2012-10-15 12:08:04
1557,8.375,6.54,7.585,6.666666666666666,2012-10-15 12:08:04
1560,,,,,2012-10-15 12:08:04
1561,,,,,2012-10-15 12:08:04
1562,7.8,0.75,8.75,2.0000000000000004,2012-10-15 12:08:04
1563,,,,,2012-10-15 12:08:04
1564,,,,,2012-10-15 12:08:04
1565,,,,,2012-10-15 12:08:04
1566,,,,,2012-10-15 12:08:04
1567,,,,,2012-10-15 12:08:04
1570,0.3684210596028827,1.7368422056499262,7.828947368421052,2.8654971875642476,2012-10-15 12:08:04
1572,,,,,2012-10-15 12:08:04
1573,2.4350283857395767,2.4620149577291395,2.1753947217840897,3.047222189108529,2012-10-15 12:08:04
1575,8.68421052631579,7.368421052631579,5.0,9.473684210526315,2012-10-15 12:08:04
1576,,,,,2012-10-15 12:08:04
1580,1.8888888888888888,,,4.166666666666667,2012-10-15 12:08:04
1582,8.81578947368421,6.315789473684211,7.5,2.5328947368421053,2012-10-15 12:08:04
1586,,,,,2012-10-15 12:08:04
1587,3.2292397883900423,3.2250453547427527,5.070760178147702,7.093567195691562,2012-10-15 12:08:04
1589,,,,,2012-10-15 12:08:04
1590,2.0281954648201928,2.941315789473684,6.315789473684211,4.924122723361903,2012-10-15 12:08:04
1591,2.8742731710065876,5.570248103894684,3.589653411999084,9.656725079274322,2012-10-15 12:08:04
1592,2.8947368421052633,2.912280685023258,2.0065789473684212,7.1381578947368425,2012-10-15 12:08:04
1593,,,,,2012-10-15 12:08:04
1594,2.5761500930507277,2.0089159202575684,1.023403881976479,7.259298235575361,2012-10-15 12:08:04
1595,,,,,2012-10-15 12:08:04
1597,8.496240314684423,8.245613700465158,6.105263358668263,9.263158095510368,2012-10-15 12:08:04
1599,,,,,2012-10-15 12:08:04
1601,,,,,2012-10-15 12:08:04
1602,8.055555555555555,,,0.0,2012-10-15 12:08:04
1605,7.291960685294969,7.369624114287527,4.995657890972339,9.026842105263158,2012-10-15 12:08:04
1606,,,,0.23333333333333317,2012-10-15 12:08:04
1607,,,,,2012-10-15 12:08:04
1608,,,,,2012-10-15 12:08:04
1609,,,,,2012-10-15 12:08:04
1613,,,,,2012-10-15 12:08:04
1615,7.368421052631579,5.2631578947368425,6.315789473684211,9.473684210526315,2012-10-15 12:08:04
1616,,,,,2012-10-15 12:08:04
1617,,,,,2012-10-15 12:08:04
1619,,,,,2012-10-15 12:08:04
1620,,,,,2012-10-15 12:08:04
1621,5.7894736842105265,5.526315789473684,5.7894736842105265,7.5,2012-10-15 12:08:04
1623,,,,,2012-10-15 12:08:04
1624,,,,,2012-10-15 12:08:04
1626,7.005274864397552,7.763921581067539,3.7139445380160683,8.754853708032979,2012-10-15 12:08:04
1629,3.801076511342158,3.5292481413640484,4.272236867201955,7.4311277968423415,2012-10-15 12:08:04
1630,,,,,2012-10-15 12:08:04
1631,,,,,2012-10-15 12:08:04
1632,2.645,2.75,8.0,6.5249999999999995,2012-10-15 12:08:04
1633,5.661111111111111,,,8.966666666666667,2012-10-15 12:08:04
1634,,,,,2012-10-15 12:08:04
1636,5.6,,,,2012-10-15 12:08:04
1638,0.4088972296631123,0.5764411625109211,1.0000000501933841,0.4511277926595579,2012-10-15 12:08:04
1639,,,,,2012-10-15 12:08:04
1640,,,,,2012-10-15 12:08:04
1644,2.1347175640808915,2.1034774466564783,2.147631555105511,3.5917042158361054,2012-10-15 12:08:04
1645,8.421052631578947,8.421052631578947,8.421052631578947,2.6315789473684212,2012-10-15 12:08:04
1649,,,,,2012-10-15 12:08:04
1650,,,,,2012-10-15 12:08:04
1651,4.811111111111111,,,,2012-10-15 12:08:04
1653,1.345029239766082,2.543859732778447,6.491227902864158,1.5789473684210527,2012-10-15 12:08:04
1655,,,,,2012-10-15 12:08:04
1656,2.5,2.625,6.835,6.875,2012-10-15 12:08:04
1657,,,,,2012-10-15 12:08:04
1659,,,,,2012-10-15 12:08:04
1661,1.042348192616513,0.9045694065094,1.2704094013414895,4.508572544967912,2012-10-15 12:08:04
1663,,,,,2012-10-15 12:08:04
1664,,,,,2012-10-15 12:08:04
1666,,,,,2012-10-15 12:08:04
1667,,,,,2012-10-15 12:08:04
1671,,,,,2012-10-15 12:08:04
1672,,,,,2012-10-15 12:08:04
1676,,,,,2012-10-15 12:08:04
1678,,,,,2012-10-15 12:08:04
1679,,,,,2012-10-15 12:08:04
1680,,,,,2012-10-15 12:08:04
1688,,,,,2012-10-15 12:08:04
1689,,,,,2012-10-15 12:08:04
1690,,,,,2012-10-15 12:08:04
1691,,,,,2012-10-15 12:08:04
1692,,,,,2012-10-15 12:08:04
1695,,,,,2012-10-15 12:08:04
1696,,,,,2012-10-15 12:08:04
1698,,,,,2012-10-15 12:08:04
1699,,,,,2012-10-15 12:08:04
1700,,,,,2012-10-15 12:08:04
1701,,,,,2012-10-15 12:08:04
1702,,,,,2012-10-15 12:08:04
1703,,,,,2012-10-15 12:08:04
1704,,,,,2012-10-15 12:08:04
1705,,,,,2012-10-15 12:08:04
1706,,,,,2012-10-15 12:08:04
1707,,,,,2012-10-15 12:08:04
1708,,,,,2012-10-15 12:08:04
1709,,,,,2012-10-15 12:08:04
1710,,,,,2012-10-15 12:08:04
1711,,,,,2012-10-15 12:08:04
1712,,,,,2012-10-15 12:08:04
1713,,,,,2012-10-15 12:08:04
1714,,,,,2012-10-15 12:08:04
1715,,,,,2012-10-15 12:08:04
1716,,,,,2012-10-15 12:08:04
1718,,,,,2012-10-15 12:08:04
1720,,,,,2012-10-15 12:08:04
1722,,,,,2012-10-15 12:08:04
1723,,,,,2012-10-15 12:08:04
1724,,,,,2012-10-15 12:08:04
1726,,,,,2012-10-15 12:08:04
1727,,,,,2012-10-15 12:08:04
1729,,,,,2012-10-15 12:08:04
1733,,,,,2012-10-15 12:08:04
1734,,,,,2012-10-15 12:08:04
1735,,,,,2012-10-15 12:08:04
1736,,,,,2012-10-15 12:08:04
1737,,,,,2012-10-15 12:08:04
1738,,,,,2012-10-15 12:08:04
1739,,,,,2012-10-15 12:08:04
1740,,,,,2012-10-15 12:08:04
1743,,,,,2012-10-15 12:08:04
1744,,,,,2012-10-15 12:08:04
1745,,,,,2012-10-15 12:08:04
1746,,,,,2012-10-15 12:08:04
1750,,,,,2012-10-15 12:08:04
1752,,,,,2012-10-15 12:08:04
1755,,,,,2012-10-15 12:08:04
1758,,,,,2012-10-15 12:08:04
1759,,,,,2012-10-15 12:08:04
1760,,,,,2012-10-15 12:08:04
1761,,,,,2012-10-15 12:08:04
1763,,,,,2012-10-15 12:08:04
1764,0.5,,,,2012-10-15 12:08:04
1765,,,,,2012-10-15 12:08:04
1766,,,,,2012-10-15 12:08:04
1768,,,,,2012-10-15 12:08:04
1770,,,,,2012-10-15 12:08:04
1771,,,,,2012-10-15 12:08:04
1772,,,,,2012-10-15 12:08:04
1773,,,,,2012-10-15 12:08:04
1774,,,,,2012-10-15 12:08:04
1775,,,,,2012-10-15 12:08:04
1776,,,,,2012-10-15 12:08:04
1777,,,,,2012-10-15 12:08:04
1778,,,,,2012-10-15 12:08:04
1779,,,,,2012-10-15 12:08:04
1781,,,,,2012-10-15 12:08:04
1782,,,,,2012-10-15 12:08:04
1783,,,,,2012-10-15 12:08:04
1786,,,,,2012-10-15 12:08:04
1790,4.20833349227905,4.22727251052856,3.70833325386047,9.166666666666666,2012-10-15 12:08:04
1792,,,,,2012-10-15 12:08:04
1793,,,,,2012-10-15 12:08:04
1794,,,,,2012-10-15 12:08:04
1795,,,,,2012-10-15 12:08:04
1796,,,,,2012-10-15 12:08:04
1800,,,,,2012-10-15 12:08:04
1804,,,,,2012-10-15 12:08:04
1806,,,,,2012-10-15 12:08:04
1811,,,,,2012-10-15 12:08:04
1812,,,,,2012-10-15 12:08:04
1818,6.8,,,,2012-10-15 12:08:04
1819,,,,,2012-10-15 12:08:04
1820,6.8,,,,2012-10-15 12:08:04
1890,,,,,2012-10-15 12:08:04
1891,,,,,2012-10-15 12:08:04
1892,,,,,2012-10-15 12:08:04
1894,,,,,2012-10-15 12:08:04
1897,,,,,2012-10-15 12:08:04
1898,,,,,2012-10-15 12:08:04
1899,,,,,2012-10-15 12:08:04
1903,,,,,2012-10-15 12:08:04
1904,,,,,2012-10-15 12:08:04
1905,,,,,2012-10-15 12:08:04
1906,,,,,2012-10-15 12:08:04
1908,,,,,2012-10-15 12:08:04
1911,,,,,2012-10-15 12:08:04
1912,,,,,2012-10-15 12:08:04
1913,,,,,2012-10-15 12:08:04
1914,,,,,2012-10-15 12:08:04
1917,,,,,2012-10-15 12:08:04
1918,,,,,2012-10-15 12:08:04
1919,,,,,2012-10-15 12:08:04
1920,,,,,2012-10-15 12:08:04
1921,,,,,2012-10-15 12:08:04
1922,,,,,2012-10-15 12:08:04
1924,,,,,2012-10-15 12:08:04
1925,,,,,2012-10-15 12:08:04
1927,,,,,2012-10-15 12:08:04
1928,,,,,2012-10-15 12:08:04
1929,,,,,2012-10-15 12:08:04
1932,,,,,2012-10-15 12:08:04
1933,,,,,2012-10-15 12:08:04
1935,,,,,2012-10-15 12:08:04
1936,,,,,2012-10-15 12:08:04
1938,,,,,2012-10-15 12:08:04
1939,,,,,2012-10-15 12:08:04
1940,,,,,2012-10-15 12:08:04
1941,,,,,2012-10-15 12:08:04
1942,,,,,2012-10-15 12:08:04
1945,,,,,2012-10-15 12:08:04
1946,,,,,2012-10-15 12:08:04
1950,,,,,2012-10-15 12:08:04
1951,,,,,2012-10-15 12:08:04
1952,,,,,2012-10-15 12:08:04
1953,,,,,2012-10-15 12:08:04
1954,,,,,2012-10-15 12:08:04
1955,,,,,2012-10-15 12:08:04
1956,,,,,2012-10-15 12:08:04
1957,,,,,2012-10-15 12:08:04
1958,,,,,2012-10-15 12:08:04
1959,,,,,2012-10-15 12:08:04
1960,,,,,2012-10-15 12:08:04
1961,,,,,2012-10-15 12:08:04
1962,,,,,2012-10-15 12:08:04
1963,,,,,2012-10-15 12:08:04
1964,,,,,2012-10-15 12:08:04
1965,,,,,2012-10-15 12:08:04
1966,,,,,2012-10-15 12:08:04
1967,,,,,2012-10-15 12:08:04
1968,,,,,2012-10-15 12:08:04
1970,,,,,2012-10-15 12:08:04
1971,,,,,2012-10-15 12:08:04
1972,,,,,2012-10-15 12:08:04
1973,,,,,2012-10-15 12:08:04
1974,,,,,2012-10-15 12:08:04
1975,,,,,2012-10-15 12:08:04
1976,,,,,2012-10-15 12:08:04
1978,,,,,2012-10-15 12:08:04
1979,,,,,2012-10-15 12:08:04
1987,,,,,2012-10-15 12:08:04
1988,,,,,2012-10-15 12:08:04
1989,,,,,2012-10-15 12:08:04
1991,,,,,2012-10-15 12:08:04
1992,,,,,2012-10-15 12:08:04
1993,,,,,2012-10-15 12:08:04
1996,,,,,2012-10-15 12:08:04
2001,,,,,2012-10-15 12:08:04
2002,,,,,2012-10-15 12:08:04
2003,,,,,2012-10-15 12:08:04
2004,,,,,2012-10-15 12:08:04
2005,,,,,2012-10-15 12:08:04
2006,,,,,2012-10-15 12:08:04
2007,,,,,2012-10-15 12:08:04
2009,,,,,2012-10-15 12:08:04
2011,,,,,2012-10-15 12:08:04
2012,,,,,2012-10-15 12:08:04
2013,,,,,2012-10-15 12:08:04
2015,,,,,2012-10-15 12:08:04
2016,,,,,2012-10-15 12:08:04
2019,,,,,2012-10-15 12:08:04
2022,,,,,2012-10-15 12:08:04
2023,,,,,2012-10-15 12:08:04
2024,,,,,2012-10-15 12:08:04
2025,,,,,2012-10-15 12:08:04
2026,,,,,2012-10-15 12:08:04
2027,,,,,2012-10-15 12:08:04
2028,,,,,2012-10-15 12:08:04
2029,,,,,2012-10-15 12:08:04
2030,,,,,2012-10-15 12:08:04
2031,,,,,2012-10-15 12:08:04
2032,,,,,2012-10-15 12:08:04
2033,,,,,2012-10-15 12:08:04
2034,,,,,2012-10-15 12:08:04
2035,,,,,2012-10-15 12:08:04
2036,,,,,2012-10-15 12:08:04
2037,,,,,2012-10-15 12:08:04
2039,,,,,2012-10-15 12:08:04
2040,,,,,2012-10-15 12:08:04
2041,,,,,2012-10-15 12:08:04
2042,,,,,2012-10-15 12:08:04
2044,,,,,2012-10-15 12:08:04
2045,,,,,2012-10-15 12:08:04
2046,,,,,2012-10-15 12:08:04
2050,,,,,2012-10-15 12:08:04
2052,,,,,2012-10-15 12:08:04
2053,,,,,2012-10-15 12:08:04
2054,,,,,2012-10-15 12:08:04
2055,,,,,2012-10-15 12:08:04
2056,,,,,2012-10-15 12:08:04
2057,,,,,2012-10-15 12:08:04
2058,,,,,2012-10-15 12:08:04
2059,,,,,2012-10-15 12:08:04
2060,,,,,2012-10-15 12:08:04
2061,,,,,2012-10-15 12:08:04
2062,,,,,2012-10-15 12:08:04
2063,,,,,2012-10-15 12:08:04
2064,,,,,2012-10-15 12:08:04
2066,,,,,2012-10-15 12:08:04
2067,,,,,2012-10-15 12:08:04
2068,,,,,2012-10-15 12:08:04
2069,,,,,2012-10-15 12:08:04
2070,,,,,2012-10-15 12:08:04
2071,,,,,2012-10-15 12:08:04
2072,,,,,2012-10-15 12:08:04
2073,,,,,2012-10-15 12:08:04
2074,,,,,2012-10-15 12:08:04
2075,,,,,2012-10-15 12:08:04
2076,,,,,2012-10-15 12:08:04
2077,,,,,2012-10-15 12:08:04
2078,,,,,2012-10-15 12:08:04
2079,,,,,2012-10-15 12:08:04
2080,,,,,2012-10-15 12:08:04
2081,,,,8.516666666666667,2012-10-15 12:08:04
2082,,,,,2012-10-15 12:08:04
2083,,,,,2012-10-15 12:08:04
2084,,,,,2012-10-15 12:08:04
2085,,,,,2012-10-15 12:08:04
2086,,,,,2012-10-15 12:08:04
2087,,,,,2012-10-15 12:08:04
2088,,,,,2012-10-15 12:08:04
2091,,,,,2012-10-15 12:08:04
2092,,,,,2012-10-15 12:08:04
2093,,,,,2012-10-15 12:08:04
2094,,,,,2012-10-15 12:08:04
2095,,,,,2012-10-15 12:08:04
2096,,,,,2012-10-15 12:08:04
2097,,,,,2012-10-15 12:08:04
2098,,,,,2012-10-15 12:08:04
2099,,,,,2012-10-15 12:08:04
2100,,,,,2012-10-15 12:08:04
2101,,,,,2012-10-15 12:08:04
2102,,,,,2012-10-15 12:08:04
2103,,,,,2012-10-15 12:08:04
2104,,,,,2012-10-15 12:08:04
2105,,,,,2012-10-15 12:08:04
2106,,,,,2012-10-15 12:08:04
2107,,,,,2012-10-15 12:08:04
2108,,,,,2012-10-15 12:08:04
