election_id,enp_votes,enp_seats,disproportionality,advantage_ratio,polarization,calculation_date
1,2.4331071922405294,1.8693504569029389,12.058234142505563,1.3069752078684662,0.22360513990804734,2012-10-15 12:08:21
2,10.289830570736772,9.05068382944489,2.990166290433434,1.246719160104987,0.44175104132685045,2012-10-15 12:08:21
3,5.105453134492952,4.561731352819038,2.592651644075973,1.1038126775600312,0.5170389878980565,2012-10-15 12:08:21
4,,5.0,0.0,,0.27771001881485824,2012-10-15 12:08:21
5,4.972170265805261,3.723076923076923,5.588926699545499,1.2720488466757123,0.44390165780009433,2012-10-15 12:08:21
6,2.7150893807424143,2.3782844733984803,5.501553004728956,1.121675034718513,0.19512371332303668,2012-10-15 12:08:21
8,2.042796588529697,1.9993390614672837,0.9984492107494883,1.0206010206010205,0.1503759183381737,2012-10-15 12:08:21
10,8.333200002133298,7.199999999999999,6.585644320118657,1.564064064064064,0.3447025387243676,2012-10-15 12:08:21
11,2.758607828835226,2.4819947123712276,3.568515657033098,1.0859197299875267,0.3668396438719529,2012-10-15 12:08:21
13,,3.4724409448818903,0.0,,0.40144614801026585,2012-10-15 12:08:21
14,3.7321346910988633,3.1407035175879394,3.898185475320541,1.1471178663607688,0.4032295644300245,2012-10-15 12:08:21
15,5.930178083247841,5.150656708730363,3.145631892005168,1.25,0.35258535559370136,2012-10-15 12:08:21
16,3.859558389329093,3.4724409448818903,3.111271659284749,1.0857763300760044,0.4174384328867892,2012-10-15 12:08:21
17,4.61329216800466,4.0743630279015335,2.5050885125141527,1.4430014430014428,0.42569463129724455,2012-10-15 12:08:21
18,4.802451171077719,3.95680258377069,3.9098103767216403,1.1591323066732904,0.3605338299157397,2012-10-15 12:08:21
19,3.2725694634776175,2.995448539127881,2.8084126817476247,1.2376237623762376,0.07301498557701619,2012-10-15 12:08:21
20,3.992047840701324,2.6794991055456174,15.223816862674578,1.4957694282588798,0.4129704826698729,2012-10-15 12:08:21
21,5.09447707740039,4.800799800049988,2.2449865474171853,1.0884353741496597,0.4093699275493808,2012-10-15 12:08:21
22,3.917101595513822,3.585365853658537,3.2458639301519128,1.1242270938729624,0.4189273565098518,2012-10-15 12:08:21
23,3.9448354214662165,3.1094527363184072,5.087238936790761,1.1842105263157894,0.27726252279967567,2012-10-15 12:08:21
24,5.790924127833259,4.8971596474045045,3.6769620612674254,1.6666666666666667,0.3504791513884272,2012-10-15 12:08:21
25,3.4145511644199944,2.7009561490273657,7.099186463074486,1.1635818349220106,0.54902411219835,2012-10-15 12:08:21
27,4.731891052940399,3.7098868484511223,5.749782604586024,1.1455108359133128,0.5126799069617759,2012-10-15 12:08:21
28,3.6284762526026157,3.5999999999999996,6.810123999523716,1.6920473773265652,0.6357827930403049,2012-10-15 12:08:21
30,4.988924587415936,4.707843137254902,1.9011077679928348,1.1595547309833023,0.41088296603133606,2012-10-15 12:08:21
32,4.203134815633273,2.408832385413182,12.299027513497872,1.333915405510283,0.3441736757781995,2012-10-15 12:08:21
33,4.546424380437154,4.293756830119505,1.20661810572373,1.0341953655880616,0.4546665138271545,2012-10-15 12:08:21
34,4.83863163497363,3.169014084507042,10.414466434297589,1.6877637130801688,0.45838543413604527,2012-10-15 12:08:21
35,3.5578325683993306,3.6053333333333333,1.6616987102210479,1.0822510822510822,0.2559310267204256,2012-10-15 12:08:21
36,4.553029130280375,4.182297154899895,2.5265897634367662,1.071596008304869,0.4431909493896242,2012-10-15 12:08:21
37,2.851277372262774,1.6853326483431805,21.576805669631568,1.5304560759106214,0.343732686775373,2012-10-15 12:08:21
38,,2.203182374541004,0.0,,0.36270578048119745,2012-10-15 12:08:21
39,7.524635090940106,4.804227720393946,7.468872070132143,1.2794612794612796,0.5585695546201087,2012-10-15 12:08:21
40,3.1602466256466655,2.2547068000469705,14.979850013995893,1.2815362365418608,0.3295319673001403,2012-10-15 12:08:21
41,3.4236726421166512,3.2463672785983375,2.250913924264184,2.8612303290414878,0.36579785032694795,2012-10-15 12:08:21
42,4.47610563054251,2.8942021452535083,10.644113109017164,1.7857142857142856,0.3782503777659237,2012-10-15 12:08:21
43,3.4439886899411416,2.8921074727120066,5.216737317166618,1.5060240963855422,0.2816974085966607,2012-10-15 12:08:21
44,3.5397728881714947,3.0073421439060204,3.4855281163691667,1.1160714285714286,0.44264735247575254,2012-10-15 12:08:21
45,3.8745873564465385,3.4468085106382977,4.710455929284174,1.1678345011678346,0.34666122284864287,2012-10-15 12:08:21
46,5.576716094960321,3.813559322033898,7.551784189477639,1.26984126984127,0.33220061766574743,2012-10-15 12:08:21
47,2.8612794497187366,2.610458507010231,2.7875578961757674,2.0080321285140563,0.3340340393932201,2012-10-15 12:08:21
48,3.5228757939681317,3.3957177507039504,1.3025760705248441,1.0290972194196701,0.3955153807622891,2012-10-15 12:08:21
49,6.0542381028923815,6.083510005687987,4.614664891383883,1.242008654839258,0.24154358740354478,2012-10-15 12:08:21
50,3.9186334941279286,3.096454559529339,5.459395570940069,1.1455108359133128,0.4900671510066614,2012-10-15 12:08:21
51,6.854432418723567,6.421232876712328,1.1782755761422419,1.0606060606060606,0.3699040083992055,2012-10-15 12:08:21
52,7.595441853816456,6.002400960384154,4.811397925759208,1.1789181692094315,0.44026789678465406,2012-10-15 12:08:21
53,4.016358144760633,3.1838200329208073,7.51977894656963,1.1662992901968094,0.5287310255978779,2012-10-15 12:08:21
54,,3.1025641025641026,0.0,,0.3984008792791079,2012-10-15 12:08:21
55,5.315784157900052,4.653846153846154,4.20742653132873,1.2626262626262625,0.44673228880204113,2012-10-15 12:08:21
56,2.990741948945104,2.0015524506542475,14.914583016802613,1.3715069432539002,0.2212435169596879,2012-10-15 12:08:21
57,5.159382349701389,4.143791160834723,6.385441328676338,1.2260971165080754,0.4623335437650836,2012-10-15 12:08:21
58,4.9693638717307795,4.348416289592761,3.437348426324311,1.1269192844062546,0.36581252032112693,2012-10-15 12:08:21
59,5.591875407647717,4.317263843648208,6.780418650689485,1.3567684242984892,0.3463942471747543,2012-10-15 12:08:21
60,4.028229834681448,3.5430398425971465,5.769353865724596,1.10402156089166,0.17339744941181057,2012-10-15 12:08:21
62,3.7676135935498456,3.4905367669872787,1.5311578770474472,1.111111111111111,0.3376833178092492,2012-10-15 12:08:21
63,3.500293727148114,2.22246916324036,11.523521597150761,1.2828282828282829,0.0074380793572305795,2012-10-15 12:08:21
64,7.112375533428165,7.277083806495571,1.301124394606691,1.0242085661080074,0.46125507915303454,2012-10-15 12:08:21
65,4.0669557567270695,3.5714928462161435,3.047567592158209,1.5873015873015872,0.4669182299198923,2012-10-15 12:08:21
66,3.8734917591462827,3.7280418568406994,0.9866138756332731,1.0258231244205087,0.4029914138189017,2012-10-15 12:08:21
67,2.780350838014425,2.5446303392840455,3.091791882251918,1.0606060606060606,0.3852382315629708,2012-10-15 12:08:21
70,3.9085429100555933,3.3933518005540164,4.362656698548229,1.172161172161172,0.6410127214510871,2012-10-15 12:08:21
71,4.9839765155026585,4.725897920604915,2.2169799277395366,2.5,0.36821369744065147,2012-10-15 12:08:21
73,3.8081021180663974,3.7523129172034193,1.7810857562408169,1.3966480446927374,0.3845722700737525,2012-10-15 12:08:21
74,6.0455837011063425,5.792996910401648,0.9098229375970805,1.0666666666666667,0.444551024681154,2012-10-15 12:08:21
75,4.63701450458137,4.315823246317631,2.97764050769726,1.117081447963801,0.5966722448465165,2012-10-15 12:08:21
76,3.220080006751864,2.864105387658551,6.398142643055318,1.8867924528301887,0.28087455327613053,2012-10-15 12:08:21
77,6.188080519303718,5.574136008918617,3.000833217624732,1.25,0.39406670797805476,2012-10-15 12:08:21
79,4.405513411924756,3.3360361403915206,6.983997581773796,1.2168512923799932,0.15041399334993721,2012-10-15 12:08:21
80,5.97409251145114,4.897218863361548,4.5129760786447495,1.1437908496732025,0.36411949378954733,2012-10-15 12:08:21
81,4.5642717932567445,4.28898208158597,1.1443095929181242,1.1111111111111112,0.33664809638768184,2012-10-15 12:08:21
82,4.292582417582418,3.9492537313432843,1.9692265902042976,1.0696102340307192,0.4480334491952885,2012-10-15 12:08:21
83,5.0310921494838095,4.368736616702356,3.098833069955755,1.1040672412564996,0.4028357660408358,2012-10-15 12:08:21
84,5.7508942640580605,5.220569042025581,2.6514147167125706,1.6666666666666667,0.39981073025898867,2012-10-15 12:08:21
85,3.4912349056458853,2.33698347895761,10.02423797297209,1.4421768707482996,0.40263865406597427,2012-10-15 12:08:21
87,3.0037886786603947,2.9999999999999996,1.6014056325615933,1.8195050946142648,0.4129525604431315,2012-10-15 12:08:21
88,4.162729418425074,3.4402035623409666,7.997527354562928,1.4049877063575695,0.2560784026651628,2012-10-15 12:08:21
89,4.757034464714697,4.733490914462992,1.3447807576106083,1.081275905568571,0.4263698998476303,2012-10-15 12:08:21
90,2.8491703087848155,2.235463150777552,6.246110873151196,1.159993125966661,0.3757016874738413,2012-10-15 12:08:21
91,2.970808626479607,2.3317497490799597,11.557982229349454,4.208754208754209,0.2489192854832969,2012-10-15 12:08:21
93,5.580201445272174,4.834478794391822,3.3483138569123376,1.1424802421586986,0.39580530867195507,2012-10-15 12:08:21
94,2.0343137878159863,1.9559902200488999,5.1623637996561165,1.108326908249807,0.22362574103282853,2012-10-15 12:08:21
95,2.8560575552718537,2.788854376856281,0.5385768621286988,1.0137921554252198,0.31043565176621873,2012-10-15 12:08:21
96,3.094123643470444,2.3331724711118262,11.357002383800388,1.3425857884513788,0.3468713274539958,2012-10-15 12:08:21
97,4.226928399763952,4.138060183391451,1.2159686503963025,1.0250627850955871,0.37032518552916166,2012-10-15 12:08:21
98,5.897528322290015,5.324813631522896,3.25004615351844,1.6666666666666667,0.40711185426838803,2012-10-15 12:08:21
99,3.2729903021297355,2.724280567539919,5.531901913041322,1.2698412698412698,0.46218865563664,2012-10-15 12:08:21
100,3.8741820633118826,3.193539811245514,4.9641582172016845,1.127297953520638,0.4517042993420012,2012-10-15 12:08:21
101,5.111533664560715,4.782400765184123,2.679552201394852,1.144859813084112,0.3993006830090057,2012-10-15 12:08:21
102,2.131146492878774,2.1867704933634142,1.6222823428737685,1.6,0.30202612386506356,2012-10-15 12:08:21
103,4.203782563550682,3.6346068379997853,3.6782562988295684,1.2133656897517267,0.276685780856847,2012-10-15 12:08:21
104,6.6020144594679895,5.918032786885247,3.2539771531188393,1.1535688536409516,0.4147915797470847,2012-10-15 12:08:21
105,6.857393641824616,5.603810591202016,4.414748010928824,1.6666666666666667,0.490093904888619,2012-10-15 12:08:21
106,5.036538069075918,4.260976274884102,4.212760377709606,1.1784399062604618,0.3523463947437338,2012-10-15 12:08:21
107,5.713572333968587,5.07648623759337,3.488021226439094,1.7636684303350971,0.49535653382826184,2012-10-15 12:08:21
108,5.008088062220486,4.778972520908004,1.443952907819366,1.3636363636363635,0.4090375010336803,2012-10-15 12:08:21
109,3.7578922313169056,2.571428571428571,12.824879899805863,1.4326647564469914,0.3330229972732135,2012-10-15 12:08:21
111,3.6255281850736427,3.0750278914094458,4.138889579813971,1.984126984126984,0.41066762290331343,2012-10-15 12:08:21
112,2.9222951776460313,1.801017998635672,18.97821109155577,3.7028597470661957,0.2035831629628077,2012-10-15 12:08:21
113,3.4373238371533463,2.739041045598062,6.613311485368671,1.160277649538953,0.5610325598283672,2012-10-15 12:08:21
114,4.204489553945703,4.0632054176072225,3.3804174627140684,1.2280701754385965,0.4466786621598249,2012-10-15 12:08:21
116,4.237880720609238,4.014989293361884,1.1113055385446438,1.111111111111111,0.34573292235865466,2012-10-15 12:08:21
117,2.3856008377848448,1.9692307692307693,8.582426812970793,1.1950286806883366,0.22363550114191627,2012-10-15 12:08:21
118,4.469992937411158,4.052064747737484,2.093271554634242,1.0572032687582147,0.35235087283586125,2012-10-15 12:08:21
119,5.856583971700987,4.413495488426833,5.552376868413105,1.1872146118721463,0.18278469437519576,2012-10-15 12:08:21
120,2.451589864607763,1.9898477157360408,8.861922270395437,1.1846844000758199,0.223631324116017,2012-10-15 12:08:21
121,4.568317521092036,4.535444330949949,1.7928279364789548,1.090819320132506,0.43132889771846505,2012-10-15 12:08:21
122,3.321067523944897,2.7369933889048577,5.7621398654152305,1.1262262529267064,0.16575407511435966,2012-10-15 12:08:21
123,4.634886792890083,3.5957446808510634,8.27878696485587,1.383508577753182,0.2866322273394696,2012-10-15 12:08:21
124,7.321671716301621,4.9,8.59971920519288,1.3235683402453011,0.3168560734797641,2012-10-15 12:08:21
125,7.111414531464453,6.395679363274587,1.6551267155249603,1.0784313725490196,0.3293543072938794,2012-10-15 12:08:21
126,2.9998933837891406,2.5225540860120876,3.925636537202881,1.0950007551729346,0.3529466684419189,2012-10-15 12:08:21
127,3.615661149493162,3.571753986332574,0.8736453070033522,1.033324722293981,0.6116450082732853,2012-10-15 12:08:21
128,6.406888686715956,5.333333333333333,6.144408026815927,1.2019230769230769,0.4521290713512415,2012-10-15 12:08:21
129,9.081332413091648,8.184143222506394,1.526433752247375,1.1574074074074072,0.2827825574311846,2012-10-15 12:08:21
130,4.9298239559865324,3.0,13.07293642096781,1.5873015873015872,0.3765329323126719,2012-10-15 12:08:21
133,5.494425795142312,5.188067444876784,2.1824756585125957,1.6666666666666667,0.36746742735423393,2012-10-15 12:08:21
134,7.795629769950965,7.352941176470588,3.6034705493454497,1.3483146067415728,0.47991441030691356,2012-10-15 12:08:21
135,4.2223310645341074,3.9603960396039604,4.006869101929836,1.185344827586207,0.11402818585432387,2012-10-15 12:08:21
136,1.9993522098839975,1.9957487009919694,3.2076923076923087,1.0653297822340593,0.1503759183381737,2012-10-15 12:08:21
137,3.7523500029981274,3.2235965746907707,8.615810625277575,1.5800039655001485,0.5900056513166202,2012-10-15 12:08:21
138,3.641430521414616,3.2294173664617785,4.4283185863528844,1.1245668660430006,0.5360141355534496,2012-10-15 12:08:21
139,2.9323049544371123,2.3922748330425363,8.61273994932136,1.175635082870277,0.28693460666141357,2012-10-15 12:08:21
140,3.1262750317324723,2.5043478260869563,5.0254972114430805,1.1271415689810638,0.43504347978852254,2012-10-15 12:08:21
142,4.276021461351714,3.7085110328203226,4.345831335889602,1.1830357142857144,0.2999356387027186,2012-10-15 12:08:21
143,8.878801780839032,7.02685821361649,5.039967482258414,1.4035087719298245,0.44385420753863897,2012-10-15 12:08:21
144,3.3340445961805183,3.049237983587339,3.287322590134851,3.2679738562091503,0.2626413919921471,2012-10-15 12:08:21
145,6.388853342018766,3.5217391304347827,13.187937366218744,1.6963528413910092,0.6104102182933785,2012-10-15 12:08:21
146,2.7961469095586287,7.670751033976266,0.10119592266699427,1.5873015873015872,0.5008732871780767,2012-10-15 12:08:21
147,3.569503971376576,3.2727272727272725,2.4305612063426367,1.8115942028985506,0.39533715283429877,2012-10-15 12:08:21
149,2.9745084624765754,2.704,3.8810341451091293,1.0962908825141604,0.3045349792948748,2012-10-15 12:08:21
150,3.965211769668461,3.589776357827476,2.558706250996638,1.0885341074020318,0.23696061975332125,2012-10-15 12:08:21
153,3.019971068677162,2.6772277227722774,3.7182621441717982,1.1111111111111112,0.29453866401422585,2012-10-15 12:08:21
156,4.50307731297414,4.225240226176848,1.5017158676673996,1.058926124330385,0.4108724490275784,2012-10-15 12:08:21
157,4.845125561428925,4.555808332148444,2.0569022542844086,1.1173184357541899,0.39712585484801255,2012-10-15 12:08:21
158,,3.3649258952992813,0.0,,0.0,2012-10-15 12:08:21
159,2.7390225863637103,1.691208370549955,20.974704256219766,1.4955565667691586,0.372509803295907,2012-10-15 12:08:21
160,6.719707558327062,4.1275440976933515,9.083247108868207,1.3752107177712714,0.49729913218983846,2012-10-15 12:08:21
161,2.2759860709652457,2.133572726393085,4.042144757472547,0.9349858664927159,0.3291891569098464,2012-10-15 12:08:21
162,3.588589720125887,3.4858957010513167,0.9949429448293079,1.0245901639344261,0.39557571407042025,2012-10-15 12:08:21
163,2.9060137047606314,2.8531533412195857,0.41743668010113966,1.012797213387854,0.3027554096888159,2012-10-15 12:08:21
164,3.0377132094958914,2.497247930851714,5.952833316144165,1.4285714285714286,0.4322877823120472,2012-10-15 12:08:21
165,3.8898548695148185,4.868121190707535,2.925413100021487,1.8695471541337767,0.278728196410562,2012-10-15 12:08:21
166,3.450655624568668,3.401301518438178,2.1771072363040256,1.0912698412698414,0.2913166630051979,2012-10-15 12:08:21
167,3.5296401531863824,3.0889621087314665,4.054832507843775,1.0992148465381868,0.3631257875408914,2012-10-15 12:08:21
168,5.4655410369597535,4.8999999999999995,4.555448093956805,1.3736263736263734,0.42087798466737336,2012-10-15 12:08:21
169,2.4834776713999434,2.2233564720294,3.9970163573907027,1.0803689064558628,0.4102244868733118,2012-10-15 12:08:21
171,4.088825648385527,2.372996243736591,13.77110039990087,2.383015597920277,0.436075435242196,2012-10-15 12:08:21
172,4.25083027216876,3.629032258064516,4.181536134537694,1.1391517700665965,0.41365020767061184,2012-10-15 12:08:21
173,2.043451962531265,1.988235294117647,1.7808315323874824,1.0395010395010393,0.1503759183381737,2012-10-15 12:08:21
174,5.415475262109002,5.565572346708355,0.8196214265097762,1.015744032503809,0.45064062451733844,2012-10-15 12:08:21
175,3.3924064374304552,3.128798582033959,2.3915940645871983,1.0441455004613667,0.40533946162040146,2012-10-15 12:08:21
176,6.10672105719555,5.489980785067252,2.7147743920996446,1.3636363636363635,0.4296773070434875,2012-10-15 12:08:21
177,5.588840203880891,5.251366120218579,2.341553332368211,1.1123470522803116,0.37960065340205085,2012-10-15 12:08:21
178,3.9336317648632275,3.7128157156220776,1.6900260224813533,1.0761366693570082,0.3928579208259064,2012-10-15 12:08:21
179,5.755826335207815,5.704290546555101,1.3098871256767393,1.074344649763644,0.44090339844880094,2012-10-15 12:08:21
181,6.472701381921746,5.827586206896552,6.4808662398582895,1.8315018315018314,0.3027619671950016,2012-10-15 12:08:21
182,4.684915976031969,4.468275245755138,1.1202678251204028,1.038961038961039,0.3779883247708271,2012-10-15 12:08:21
183,3.5335689045936394,3.2251968503937007,2.367587115609476,1.09375,0.33254407042932044,2012-10-15 12:08:21
184,5.312254308238243,4.9661878453038675,3.516830306912514,1.320754716981132,0.30824026471385446,2012-10-15 12:08:21
185,2.27799773111426,2.2106409664004225,1.2272716756178463,1.0163934426229508,0.31778501779850754,2012-10-15 12:08:21
187,4.913825987957883,4.5558086560364455,3.071978190026748,1.25,0.3777019657349026,2012-10-15 12:08:21
188,5.864256191525668,4.260974627466775,6.948758365106325,1.4992503748125938,0.4459091260947343,2012-10-15 12:08:21
189,3.620736799662605,2.8398069735534843,7.852245873918694,3.4013605442176877,0.27134298612782576,2012-10-15 12:08:21
190,3.730146296337742,3.006327732926031,6.019905409634716,1.192890373374687,0.2840093125186057,2012-10-15 12:08:21
191,8.125529022723937,7.131704220882259,3.1638584573584603,1.2199089134677945,0.3408636777379227,2012-10-15 12:08:21
192,6.162758450682524,4.805638615976079,4.902663675096538,1.1454753722794957,0.3424470990557214,2012-10-15 12:08:21
193,,4.266666666666667,0.0,,0.33591120946013975,2012-10-15 12:08:21
194,2.7010018015682014,2.6124982465984012,4.872194283375468,1.1394166186912298,0.5418763514409232,2012-10-15 12:08:21
195,6.13987444447951,4.454545454545455,10.403194270050337,1.550267421130145,0.3813155994196295,2012-10-15 12:08:21
196,5.625007523447562,4.376978417266187,7.358759565345603,2.3741690408357075,0.3810584354137313,2012-10-15 12:08:21
197,3.7141031926431047,3.3789728584401164,2.815462503402478,1.0526478738060963,0.4007361288916513,2012-10-15 12:08:21
198,5.581166910377621,4.454545454545455,6.581715550814751,1.2531328320802004,0.333624490013287,2012-10-15 12:08:21
199,7.525685541035832,6.126050420168068,3.8543008062520805,1.168360789811894,0.43469075822309683,2012-10-15 12:08:21
200,4.393578714411628,3.4338976319316887,4.9044863495569535,1.1660765447517292,0.3750505541776881,2012-10-15 12:08:21
201,2.654493090566845,2.190100744634253,7.435388355694683,1.2114537444933924,0.5195642056663886,2012-10-15 12:08:21
202,2.871373795871453,2.014278914802475,15.54888022579094,1.3921341689777915,0.2224164510299199,2012-10-15 12:08:21
203,2.077956620577589,1.9995800083998316,1.1716573425606986,1.0288973160478585,0.17049423337405054,2012-10-15 12:08:21
204,6.2279297738638695,5.710659898477156,1.410870495671221,1.0591900311526479,0.30889890385404567,2012-10-15 12:08:21
205,2.7569095044455163,2.404103002457527,4.461252938108058,1.0984848484848484,0.3110132962744635,2012-10-15 12:08:21
206,5.460422855145902,4.99001996007984,2.2978250586152114,1.4285714285714288,0.49507033092747493,2012-10-15 12:08:21
207,3.6300275882096713,3.0884600927202106,4.724090936237441,1.2278413015117795,0.42826730160519255,2012-10-15 12:08:21
208,3.3286399510024194,2.169940290304045,17.750949366565695,1.5360925831335541,0.2874121633882932,2012-10-15 12:08:21
210,3.3269997239588327,2.565221607991466,6.527466724055232,1.1683032567660205,0.3735543886047865,2012-10-15 12:08:21
211,13.812288240355915,10.854621934954345,3.357719289633563,10.869565217391305,0.24958414769079917,2012-10-15 12:08:21
213,3.9233225834294547,3.938676800829158,0.6572136181818571,1.0643330179754023,0.3693150702001156,2012-10-15 12:08:21
214,5.77054023797708,6.153203342618384,5.427155113419872,2.3640661938534278,0.3540231290929958,2012-10-15 12:08:21
215,3.502442953960387,3.351206434316354,1.541103500742244,1.033434650455927,0.37396518673888307,2012-10-15 12:08:21
216,3.0912384595567404,2.5572851203712657,4.918819277152342,1.1213619450532648,0.3558342955151379,2012-10-15 12:08:21
217,2.765931370549143,2.5744071485851756,2.821468588281645,1.06844371280233,0.06757246285173464,2012-10-15 12:08:21
218,7.9657244436060965,6.120783460282916,10.611857623537087,1.2484394506866416,0.4014390810168803,2012-10-15 12:08:21
219,6.6315983325774415,4.0,10.173191621992471,3.0193236714975846,0.4645276591652216,2012-10-15 12:08:21
220,4.117673048606949,3.1752751905165106,7.845044083156368,1.2357723577235775,0.3557632801138188,2012-10-15 12:08:21
221,2.266972254526577,2.2106409664004225,1.069085777500392,1.0190174124600353,0.31778501779850754,2012-10-15 12:08:21
222,3.264056774742416,2.1490337373075663,17.97100347008171,1.4318442153493702,0.3259701899448323,2012-10-15 12:08:21
223,2.5291804190851956,2.0954543054748958,8.190776188058258,1.1409854947269913,0.3168346271444349,2012-10-15 12:08:21
224,2.848491581283132,2.5043478260869563,3.056595782529609,1.0932944606413995,0.35007405484407733,2012-10-15 12:08:21
225,4.1111659266568,3.8543897216274092,2.25585657542515,1.1198945981554678,0.38902278696637166,2012-10-15 12:08:21
226,5.83665536301078,5.542466701262757,1.5762988845996466,1.047486033519553,0.4125508715393912,2012-10-15 12:08:21
227,2.68728350572257,2.094094653078319,8.194408662822067,1.1919611919611919,0.3447625005743098,2012-10-15 12:08:21
228,2.6839585167371656,2.5562152133580707,1.2836205870831499,1.0316105861076441,0.33916379063438645,2012-10-15 12:08:21
229,4.47796108759286,4.109433962264151,2.192562852940709,1.07284626113078,0.2569215736366329,2012-10-15 12:08:21
231,5.69015943826746,4.552252670692058,4.032273511363258,1.1687119125135654,0.36778405574609135,2012-10-15 12:08:21
232,4.865138364535087,4.188405797101449,5.1754945603909865,1.1883541295306002,0.37712219065486347,2012-10-15 12:08:21
233,3.593231788602987,2.465765403795703,16.638603098955425,1.5611806923726428,0.28950608830453245,2012-10-15 12:08:21
234,3.2768620768751844,3.088870722877496,2.206559220071471,1.0564811052417717,0.34850103731220455,2012-10-15 12:08:21
235,2.716712126316247,2.6334041047416843,0.9149528741861787,1.0188015189404465,0.39424492837594305,2012-10-15 12:08:21
237,5.154393145976641,3.1594536778015465,16.97421291744235,4.166666666666666,0.4450559066731518,2012-10-15 12:08:21
238,4.25789562875919,2.571428571428571,13.9427440308969,1.433897332950961,0.3010063146802367,2012-10-15 12:08:21
239,6.945202146706421,5.499191374663073,3.7860473632537035,1.1842277777542813,0.420854886329183,2012-10-15 12:08:21
240,3.737033614467881,3.0304114490161,10.479784959535717,1.4150498411999621,0.5324586976642118,2012-10-15 12:08:21
242,4.986486621256396,5.045032278381357,1.4384917275086408,1.074344649763644,0.44402526723033237,2012-10-15 12:08:21
243,2.8708885072648695,2.151095486287083,11.56685656270283,2.0540910647038686,0.35179083799081484,2012-10-15 12:08:21
244,3.3815886026937734,3.2921810699588483,2.201136070305515,1.2345679012345678,0.12804048067558785,2012-10-15 12:08:21
245,,2.0869565217391304,0.0,,0.42556004389658236,2012-10-15 12:08:21
246,3.819789074303148,2.9496591504981646,11.279062214760781,2.1505376344086025,0.3261494574663462,2012-10-15 12:08:21
247,4.211572736451276,2.94811320754717,7.858050012566734,13.333333333333334,0.32048671723633926,2012-10-15 12:08:21
248,3.4310781154240755,4.181720861769035,2.2119448456053328,1.0830589096231247,0.3861593143429185,2012-10-15 12:08:21
249,2.681553867147938,2.18018018018018,5.483601812948785,1.129105103555068,0.2788099454498293,2012-10-15 12:08:21
250,3.13299893791336,2.92799504891576,2.199618617022916,1.0398981324278438,0.38257256443854,2012-10-15 12:08:21
251,3.3125964793724614,3.1688936397648315,2.1618589488685283,1.0907727443160513,0.36951118373349,2012-10-15 12:08:21
252,3.5232444289578284,2.6732716480446927,6.878921516087376,1.2698412698412698,0.41543846693235686,2012-10-15 12:08:21
253,5.646782463352382,4.929751047572097,3.100000000000001,1.25,0.34148617944063786,2012-10-15 12:08:21
254,4.081431913246717,3.0209617755856963,6.8940557803110964,1.2987012987012985,0.3449677211579322,2012-10-15 12:08:21
255,3.4006689591936388,2.7901785714285716,5.157630269804149,1.1253657438667568,0.4123275005225715,2012-10-15 12:08:21
257,6.703131703131704,3.769760145734237,13.821027750329733,1.7271157167530224,0.35241985416196675,2012-10-15 12:08:21
258,3.485449989020833,3.3158293633607623,1.6112803883234976,1.0280668558814254,0.36618277439971675,2012-10-15 12:08:21
259,3.5301385579383986,3.466666666666667,6.795784892688434,1.3343799058084773,0.24869098091868813,2012-10-15 12:08:21
260,6.839711364180432,5.015045135406218,7.350170066059697,1.3157894736842106,0.53008099841581,2012-10-15 12:08:21
261,3.932621916785091,3.5261820572504843,2.6173391060328344,1.0798522307473715,0.420449007383357,2012-10-15 12:08:21
262,3.5781759890078426,3.447035517192585,1.2331752415391002,1.0363957812595257,0.37223409549238445,2012-10-15 12:08:21
263,3.903322508118911,3.929000613120785,1.6683191874106926,1.3966480446927374,0.3676376630194747,2012-10-15 12:08:21
264,3.936843735530869,3.5072463768115942,3.328945121180992,1.3024225058609014,0.41427154608860656,2012-10-15 12:08:21
265,4.077521845323286,3.624657534246576,2.635432872374504,1.0842223956978054,0.44771305083574053,2012-10-15 12:08:21
268,9.80035020571425,3.8774463094627274,17.80567838368462,2.1739130434782608,0.30412039828855764,2012-10-15 12:08:21
269,4.20558568226859,3.951007506914263,3.0249049571846043,1.1666666666666667,0.2891409493840234,2012-10-15 12:08:21
271,6.873891584981922,6.095238095238095,6.6178735255367345,1.3297872340425532,0.484890317077126,2012-10-15 12:08:21
272,2.7778240748456917,2.3054755043227666,6.871681017043792,1.1811023622047245,0.1446269271430649,2012-10-15 12:08:21
273,8.680254157841741,7.001850138760407,2.916809746787794,1.149425287356322,0.44829225482676766,2012-10-15 12:08:21
274,4.23070902452542,3.77640342530923,2.282797687252898,1.0917947425883934,0.46039605258938965,2012-10-15 12:08:21
275,4.231353483038619,3.846153846153846,2.44710713564677,1.1834319526627222,0.39982042394664724,2012-10-15 12:08:21
276,,2.3800027318672314,0.0,,0.23771445362935575,2012-10-15 12:08:21
280,4.65698640634982,4.856402664692821,1.091999399548617,2.4691358024691357,0.43095947169110504,2012-10-15 12:08:21
281,3.3194999810622536,4.2258282623394186,1.3901079094804116,0.2898550724637681,0.382236966721987,2012-10-15 12:08:21
282,3.3104692464358996,2.5893219276575348,10.190058591118289,1.2303126496802126,0.24221313256364718,2012-10-15 12:08:21
283,2.793967265879513,2.578463068888336,3.3168248612933757,1.0683760683760684,0.2055794626126422,2012-10-15 12:08:21
284,2.6306928192608807,2.3676733663053775,3.993884213533376,1.0660980810234542,0.4257721867368169,2012-10-15 12:08:21
285,4.550190880507438,4.066780578100527,2.996605662346299,1.0758472296933834,0.5076225092778766,2012-10-15 12:08:21
286,2.439600016842998,1.5389082462253192,21.185418579234128,2.3584905660377355,0.3587931886895945,2012-10-15 12:08:21
287,4.001040270470323,4.031445273130418,0.17677669529663845,1.25,0.0,2012-10-15 12:08:21
288,3.7546416757716727,3.658901450268357,1.3855321329845525,1.1173184357541899,0.3922729581849679,2012-10-15 12:08:21
289,4.090712699511217,2.8526850169996743,8.841857894153705,1.2531328320802007,0.390829858528781,2012-10-15 12:08:21
290,3.117890916408316,2.094113681873154,13.620037742477397,2.1978021978021975,0.38486627204120033,2012-10-15 12:08:21
291,4.915188423748225,4.240085991784714,9.031139104090284,1.3733075435203095,0.5268919492891213,2012-10-15 12:08:21
292,2.858541173812481,2.1527543606879007,14.277137389168454,7.680748038069795,0.24609552677801122,2012-10-15 12:08:21
293,5.552255048387902,5.928680182706948,7.4159264109666,1.429738562091503,0.5456172100769834,2012-10-15 12:08:21
294,5.495230140238273,3.1860662701784195,10.000666644445927,1.3483146067415728,0.2773770284781024,2012-10-15 12:08:21
295,3.255356689432461,3.111573592322812,2.0631037652659296,1.0775862068965516,0.3596288078263771,2012-10-15 12:08:21
296,4.026299790229781,3.7470017133066826,2.033833432994372,1.1757789535567311,0.4414869808795722,2012-10-15 12:08:21
297,4.065753975372266,3.504468196951113,4.8902147192122385,1.2227074235807862,0.3063903564660959,2012-10-15 12:08:21
299,4.624020863582137,4.337349397590362,3.476748161397051,1.1363636363636365,0.4455933135118567,2012-10-15 12:08:21
301,5.342907824154217,4.1467965996267875,5.492722457943782,1.1553030303030303,0.5432640454036157,2012-10-15 12:08:21
302,7.68721875349288,5.333333333333333,9.996514392527027,1.8768768768768767,0.43704086367510436,2012-10-15 12:08:21
304,7.046255993016878,5.586206896551723,5.651212805481625,1.2272950417280313,0.4009876952014445,2012-10-15 12:08:21
306,4.754523929518937,3.8961038961038965,4.158926143449372,1.155115511551155,0.37953171320673573,2012-10-15 12:08:21
307,2.71198207922242,2.55289975912544,2.6883303454841383,1.0757314974182444,0.34098071672084995,2012-10-15 12:08:21
308,6.482645956773717,5.12,7.647058257918532,1.5625,0.4629066071728547,2012-10-15 12:08:21
309,6.277608135880587,4.828571428571428,8.479842893766287,1.4317929627375883,0.4819093826742602,2012-10-15 12:08:21
310,5.61233366446102,4.970178926441352,2.508983858058876,1.25,0.4754043652420418,2012-10-15 12:08:21
311,2.4578116628079028,2.0683940632035354,6.586493926390463,1.5873015873015872,0.4165550261980321,2012-10-15 12:08:21
312,6.114263353551164,5.733638160189097,3.499501478337424,1.1758081611022788,0.548236325898232,2012-10-15 12:08:21
314,5.8782727283415035,5.13083632632119,3.1921779399024732,1.25,0.341006702636398,2012-10-15 12:08:21
315,3.222338383940587,2.117689798266959,16.618616540972788,3.793626707132018,0.28097240465970014,2012-10-15 12:08:21
316,4.032127995871101,2.9926151172893136,6.424585796485932,1.1802936938594073,0.41291737017931146,2012-10-15 12:08:21
317,,3.469879518072289,0.0,,0.2975119796005455,2012-10-15 12:08:21
318,3.7729299819653948,3.5433070866141736,2.3821092427603814,1.079136690647482,0.3899016499183744,2012-10-15 12:08:21
319,3.9175151514795377,3.672746427865938,3.4461859909863515,1.5223789708718156,0.2537378322669998,2012-10-15 12:08:21
320,3.6271309394269124,3.4416826003824093,1.7159383568311652,1.0897435897435896,0.40152581211746147,2012-10-15 12:08:21
321,2.480126621376578,1.9692307692307693,11.560756895636201,1.2703252032520325,0.22363550114191627,2012-10-15 12:08:21
322,2.3414435317809748,1.9261003070624358,9.683283135479297,1.2467434202041219,0.22361048088266572,2012-10-15 12:08:21
323,2.717522380495254,2.6308043643745243,1.9769075800974887,1.0482180293501047,0.2074650802491967,2012-10-15 12:08:21
325,3.1597074110937324,2.9930288676378587,1.9754746454083827,1.1384335154826957,0.3825302991902308,2012-10-15 12:08:21
326,5.987988095879665,6.002379064234733,1.2534979462824787,1.9157088122605364,0.47801496475876587,2012-10-15 12:08:21
327,3.657604342307876,2.100886311412627,16.937396986156603,1.5130079383793134,0.39029435797281187,2012-10-15 12:08:21
328,6.175050326660162,5.351877334381757,3.194374934365714,1.1151515151515152,0.526619496069828,2012-10-15 12:08:21
329,5.993687089136497,6.059760956175299,1.0831125552607979,2.564102564102564,0.48329708959459855,2012-10-15 12:08:21
330,3.7974298994440567,3.523595505617977,2.3465997980577997,1.1022927689594355,0.6714276768342684,2012-10-15 12:08:21
331,3.5834715956123966,3.0711434930186874,4.639191851691877,1.0997977791180331,0.27480037781268135,2012-10-15 12:08:21
332,9.453394340498596,8.02997858672377,2.99508764479439,1.1794439764111206,0.41659181371580023,2012-10-15 12:08:21
333,3.4124568324210696,2.6724124552438173,7.168561309281958,1.50863694651882,0.5718144857176585,2012-10-15 12:08:21
334,5.7659486138659535,5.333333333333333,4.707440918375928,2.6041666666666665,0.3382415441020056,2012-10-15 12:08:21
335,4.985964509904617,4.744833403627161,0.9963823451756747,1.0457516339869282,0.4006939005942309,2012-10-15 12:08:21
336,5.239095556073411,3.501250183850566,8.568701260625547,1.2781660378914383,0.32746563036206056,2012-10-15 12:08:21
337,6.832734455546196,4.5,8.595496559891762,1.3638843426077467,0.39616054798288597,2012-10-15 12:08:21
338,6.341194300534562,5.525238744884038,3.4122057599371343,1.3888888888888888,0.32185629842419505,2012-10-15 12:08:21
339,3.77931805984928,3.6380510440835265,1.6460217966667505,1.0989010989010988,0.6972176741594185,2012-10-15 12:08:21
340,5.0853577294894805,4.686035613870665,3.363777638310831,1.1504424778761062,0.27313361574098094,2012-10-15 12:08:21
341,4.064567772643687,3.571428571428571,3.367951899894058,1.4285714285714288,0.39991003851988804,2012-10-15 12:08:21
342,3.6673964785659012,3.507829977628635,2.3140431971696964,1.146788990825688,0.6421037224189576,2012-10-15 12:08:21
344,3.5860931308386075,2.227722772277228,13.882342901846375,1.3605442176870748,0.4039346632530251,2012-10-15 12:08:21
345,2.37071315793217,1.964075685119643,6.524550854876875,1.1253692617890247,0.608616471422133,2012-10-15 12:08:21
346,2.490643648071654,1.923076923076923,10.50300909263626,1.2391573729863692,0.15499665756366288,2012-10-15 12:08:21
347,2.480860163836005,2.1975139236419405,4.3971012657048485,1.0832304949952007,0.40575083278121543,2012-10-15 12:08:21
348,4.5098879292849565,4.159680029310293,12.381357911682125,1.0907950532444333,0.5862400456025649,2012-10-15 12:08:21
349,5.3306893114348615,4.754860524091293,2.9075572030295276,1.098901098901099,0.32089046949270084,2012-10-15 12:08:21
350,2.7793921413798963,1.764959669855562,16.52127679503125,1.444420011469126,0.4088099916808224,2012-10-15 12:08:21
351,3.53954736268326,1.8111988513998565,23.056523198212147,1.6728724839458207,0.2655737410537298,2012-10-15 12:08:21
352,3.181933845113451,2.6131199367713887,4.999920717707914,1.1348161597821151,0.390772255233712,2012-10-15 12:08:21
353,4.151770287864237,4.219292604501608,1.008628643549413,2.204585537918871,0.42534198088198194,2012-10-15 12:08:21
354,5.821219859906523,5.108556832694764,4.0443170004340665,1.6666666666666667,0.38790088665570005,2012-10-15 12:08:21
355,3.8885194147358324,2.729340409401061,6.948745290418346,1.1973180076628354,0.34956135053208065,2012-10-15 12:08:21
357,5.757549586895817,4.516037221695162,10.79349137907074,1.630927212322561,0.5232087776747786,2012-10-15 12:08:21
358,6.930247063307807,5.770340450086556,3.6810324638611926,1.6666666666666665,0.43552870413911005,2012-10-15 12:08:21
359,3.923045538712613,3.4969543147208126,2.5503573932887673,1.281722635221738,0.3235985539978602,2012-10-15 12:08:21
360,5.64520804539244,4.559416261292565,3.5038311374610323,1.1503809329589365,0.4884073715575181,2012-10-15 12:08:21
361,2.992488852979023,2.6659894351889477,3.5701614012579106,1.0735373054213633,0.28026399787938555,2012-10-15 12:08:21
363,7.940667333682722,7.876170655567118,1.0783931078563163,2.2988505747126435,0.40007696924396113,2012-10-15 12:08:21
365,3.0183107329771426,2.8832544123977617,1.2662690473621956,1.0327285136342614,0.3572624694280197,2012-10-15 12:08:21
366,1.994581082224192,1.8823529411764706,8.465533060593408,1.1586948461253244,0.22362574103282853,2012-10-15 12:08:21
367,2.9970628783791877,2.365366127223201,7.1892270343305364,1.1709993643146308,0.5598041366057149,2012-10-15 12:08:21
368,2.7484638079949573,2.409917355371901,3.3740066769704855,1.0784868829032865,0.4406043355893161,2012-10-15 12:08:21
369,5.21218818084208,4.0,13.075039834228674,3.0864197530864192,0.4081529122151888,2012-10-15 12:08:21
370,2.007217955768945,1.9995800083998316,0.2929580287980889,1.0076761210396847,0.1503759183381737,2012-10-15 12:08:21
371,5.796630998063924,5.003752814610959,2.9866369046136163,1.6666666666666667,0.43927042628529,2012-10-15 12:08:21
372,5.13594855833924,4.813863928112965,1.1532562594670808,1.1111111111111112,0.39840046704943105,2012-10-15 12:08:21
373,5.551453648137765,5.192107995846314,1.772004514666936,1.3043478260869565,0.4271207723639429,2012-10-15 12:08:21
374,5.775839662690963,5.500000000000001,2.7373676804882856,1.1961722488038278,0.452599052846622,2012-10-15 12:08:21
375,6.053781797488893,3.448179629068525,20.90409576600231,2.0276497695852536,0.5066809682344419,2012-10-15 12:08:21
377,2.2873350259612524,2.1469127040454223,2.405142562053578,1.0575554199715274,0.3082286358591784,2012-10-15 12:08:21
379,3.3705895835299517,3.3271719038817005,2.8043616821737603,1.1229314420803782,0.3959751194552398,2012-10-15 12:08:21
380,4.140557690059052,3.7382033266148023,2.505827383176192,1.5873015873015872,0.42834101917709705,2012-10-15 12:08:21
381,3.4970781911712763,3.114342176028417,3.369377459865594,1.0747752488216658,0.28619199692273417,2012-10-15 12:08:21
382,8.426854565299022,6.596091205211727,4.386619947966911,1.5015015015015012,0.2861820910137629,2012-10-15 12:08:21
383,4.262283902206159,3.805496828752642,3.286673427984934,1.10803324099723,0.4128495515698859,2012-10-15 12:08:21
384,6.111386123486668,5.802220500903692,2.06660240409664,4.716981132075472,0.364339704458844,2012-10-15 12:08:21
385,3.878644956597963,3.376034093757834,3.746315269311541,1.0811742155025736,0.3099299034146696,2012-10-15 12:08:21
386,4.716981132075471,2.5351757063832716,19.162654660435983,1.6606123508043593,0.5295081873326669,2012-10-15 12:08:21
387,5.838427361205985,5.5443848416681085,1.87955574105016,1.1173184357541899,0.4254537271557461,2012-10-15 12:08:21
389,4.7401677071334785,4.919545524335943,0.7560996925722345,1.0393659867480838,0.4135935471415765,2012-10-15 12:08:21
390,3.2660099809265017,3.144186046511628,1.6416905704163869,1.0576923076923077,0.2963792120845739,2012-10-15 12:08:21
391,2.6100065563364696,2.0240354206198607,12.438508753062,1.2603116406966086,0.22223252636479032,2012-10-15 12:08:21
393,3.3647375504710637,3.196217494089835,7.61849198452969,1.3532763532763532,0.38508620519678666,2012-10-15 12:08:21
395,5.46921458414198,4.5,10.516851292621336,1.9157088122605364,0.3833258314065588,2012-10-15 12:08:21
396,8.157841174174397,7.002804612028669,3.2485566666626484,1.1998135146994295,0.3348650041111199,2012-10-15 12:08:21
397,4.7473412752555,3.5999999999999996,10.325211324175832,1.5432098765432096,0.6422830938039993,2012-10-15 12:08:21
399,3.076364598426747,2.3554043444124573,9.205403002826358,1.3012048192771086,0.4251919508431187,2012-10-15 12:08:21
400,4.5202847779410105,4.1104554201411165,2.9301722576931692,1.0743446497636442,0.39394841972725275,2012-10-15 12:08:21
401,9.044347147367688,7.911392405063291,3.3761170990750116,1.2277470841006755,0.4284667382217005,2012-10-15 12:08:21
402,2.2230126267117196,2.09149573634478,2.642938509867786,1.034440793476938,0.42848121709337106,2012-10-15 12:08:21
403,5.058516667888299,2.152275239677542,22.80070516120925,1.893959048973111,0.4119826776813894,2012-10-15 12:08:21
404,4.741179036402773,4.041116223838504,3.953414444092411,1.1613137361640358,0.4211893033994972,2012-10-15 12:08:21
405,4.078817103883229,3.131659957376272,6.375864580536383,1.2098038922826462,0.42465468990516314,2012-10-15 12:08:21
407,4.897495420841781,3.4278444490242395,14.856392650636788,1.683029453015428,0.5173700702313336,2012-10-15 12:08:21
408,3.9848734204957985,3.3368854444175344,6.596188091889986,1.2048192771084338,0.354785758791922,2012-10-15 12:08:21
409,5.230727384950152,5.416906170752324,1.0381369000348686,1.0569228446323418,0.47251152597441737,2012-10-15 12:08:21
410,6.252287946620467,4.712727272727273,7.581786370500112,2.6205450733752618,0.39090360205184255,2012-10-15 12:08:21
412,3.640772280616164,3.504157196697258,1.1277404614768374,1.0482912852051158,0.4354879568690998,2012-10-15 12:08:21
413,3.2427629637556388,2.7983805668016193,3.4806475557584724,1.3888888888888888,0.19404732476791972,2012-10-15 12:08:21
414,3.676943724376298,3.6885245901639347,10.068791166548028,1.8390804597701151,0.2866972570376628,2012-10-15 12:08:21
415,3.9375659542297337,2.876370013152126,6.627560428402692,1.1870845204178535,0.4871922618364207,2012-10-15 12:08:21
416,6.966961256820415,5.836520604326658,6.153817857048679,1.2540515511653034,0.10825851295553293,2012-10-15 12:08:21
417,3.7568139212496674,3.1383285302593658,4.296883680807662,1.1051995784820214,0.34991380765225166,2012-10-15 12:08:21
418,9.80863259716603,8.413328341445151,3.4808347497917467,1.2229210342417889,0.4083830894697384,2012-10-15 12:08:21
419,2.3856839875276443,1.9716088328075707,7.282513302425205,1.1691022964509397,0.1503759183381737,2012-10-15 12:08:21
420,5.656765140388465,5.207879490150638,2.4667454773987108,1.1551790527531767,0.3537659930884203,2012-10-15 12:08:21
421,2.3038774764782173,1.998750780762024,6.3790124627562825,1.102691698710699,0.22362380527278322,2012-10-15 12:08:21
423,5.4355506756389484,4.672927164452587,3.3539941176924484,1.1269419624889319,0.43318711650319297,2012-10-15 12:08:21
424,3.1914457000088277,2.6469036221778297,7.453314359720796,1.1668083720761953,0.26009193752924653,2012-10-15 12:08:21
425,3.0819179650761366,2.6873953599617315,4.083189804778131,1.091157081154808,0.16737648374630348,2012-10-15 12:08:21
427,5.870646182025256,5.17196793379881,3.097579700346708,1.6666666666666667,0.4704590114098,2012-10-15 12:08:21
428,3.921630143217932,3.6650618361267417,2.4327625941763493,1.0649897304561706,0.39267161456115535,2012-10-15 12:08:21
429,3.4301547095818354,2.9920212765957444,4.06259085368493,1.1507936507936507,0.3499832409035649,2012-10-15 12:08:21
430,4.008947971873221,4.0898654708520175,0.5076153540429905,1.0077742585660812,0.3684163928362637,2012-10-15 12:08:21
431,3.3498144202811164,3.0602799953719773,3.5171682629342698,1.0917448764604483,0.34206726439228047,2012-10-15 12:08:21
432,6.827959922333322,4.898305084745762,8.40432215998757,1.4779781259237363,0.26624215408167856,2012-10-15 12:08:21
433,3.7587763198445003,3.291620970893369,4.07315777591827,1.1405520271811556,0.5444268481522732,2012-10-15 12:08:21
434,7.05771090204603,5.818181818181818,6.250599971202764,1.3157894736842106,0.4467741871531224,2012-10-15 12:08:21
435,5.558458306004248,5.111167901865577,1.865475810617764,1.4285714285714288,0.42939821375561144,2012-10-15 12:08:21
436,3.8979364324526595,3.781512605042017,2.6991768292491605,1.3888888888888888,0.38893817691643096,2012-10-15 12:08:21
437,4.259723884697793,4.0746106483158275,0.8733715004382584,1.0317460317460316,0.3277480039940828,2012-10-15 12:08:21
439,3.8308927481813226,2.987377911344854,6.173988910538416,1.425567554082469,0.42266736150961914,2012-10-15 12:08:21
441,5.8582881273648075,4.333333333333333,7.395787262406165,1.415328002264525,0.34930991153460256,2012-10-15 12:08:21
442,6.855447407064127,5.999999999999999,6.168900496306722,1.5752993068683048,0.3123261158352044,2012-10-15 12:08:21
445,3.746988358107171,3.172462718980744,4.52912433601909,1.1030894737275367,0.2999384747312733,2012-10-15 12:08:21
446,4.313598619648442,4.052386495925495,1.512575362972015,1.0671688637790333,0.2792740789889038,2012-10-15 12:08:21
447,3.0255080584407135,2.711637237396116,3.879134865519723,1.0631500088136787,0.4012569692611884,2012-10-15 12:08:21
448,2.9999994900000866,2.5510204081632657,3.803544399635688,1.0921177587844255,0.4711557661117774,2012-10-15 12:08:21
449,,4.764705882352941,0.0,,0.3633462111682978,2012-10-15 12:08:21
450,3.3746616901655604,3.183640594236621,2.4430640333461175,1.063264221158958,0.36943207220819435,2012-10-15 12:08:21
451,3.8554954149677423,3.446625179511728,2.968385269992948,1.5432098765432098,0.37930945477963435,2012-10-15 12:08:21
452,2.2754060462089463,2.2214925373134324,0.9674367621398249,1.0178934961962927,0.31991820987308084,2012-10-15 12:08:21
453,2.588306548674399,2.1458204186734067,7.081156528264135,1.1717612809315867,0.35677573043296684,2012-10-15 12:08:21
455,3.767333690677492,2.538056419306945,13.539556975006093,1.398845952089526,0.3829059761747468,2012-10-15 12:08:21
456,2.4021369410227336,2.2620060790273557,2.4506458625796057,1.3114754098360655,0.3637551620377956,2012-10-15 12:08:21
457,1.7431989094547622,1.2195121951219512,11.588356225108031,1.2113055181695829,0.0,2012-10-15 12:08:21
458,4.117341939566149,4.213872832369942,1.0455243300987949,2.4691358024691357,0.4443032607574735,2012-10-15 12:08:21
459,2.5583400016465476,1.8693504569029389,13.031032600507409,1.332596770754589,0.22364636744535044,2012-10-15 12:08:21
460,5.230255458752244,4.9776007964161275,2.954022681023286,1.6666666666666667,0.39933879131342315,2012-10-15 12:08:21
462,,2.8606184272484696,0.0,,0.0746602389831928,2012-10-15 12:08:21
463,2.8369238576445226,2.5017798374638995,5.274446075643388,1.0966466025518598,0.4210652799159422,2012-10-15 12:08:21
464,5.599919361161199,5.649973549638512,1.3916970345804607,1.0641127959563714,0.48532023344643677,2012-10-15 12:08:21
466,3.025233472393232,2.624825011665888,6.94650191743218,1.2121212121212124,0.37523446577045716,2012-10-15 12:08:21
467,2.9444149806652042,2.8734040326519223,3.570103338387102,1.112017199199348,0.36361870718082806,2012-10-15 12:08:21
468,6.144935807849824,4.263157894736842,8.237171207773507,1.297420727593544,0.29112471803562634,2012-10-15 12:08:21
469,3.1645569620253164,2.7287536305089026,3.9836888033607,1.0985760763932904,0.35326805436921116,2012-10-15 12:08:21
471,4.6116952591772735,4.204091708581479,10.232566841789723,1.0863023149983118,0.5830707502427812,2012-10-15 12:08:21
472,4.580705153751368,4.192661182059137,2.882191837177178,1.0691528033186501,0.4406213075060526,2012-10-15 12:08:21
473,3.6342227487807173,3.481520651707875,1.295191728325594,1.0303894307451267,0.3962254946298069,2012-10-15 12:08:21
474,4.490109254685417,3.571428571428571,4.2944130371138405,1.1574074074074072,0.34955953111140303,2012-10-15 12:08:21
475,2.6439498495592537,2.2088057723457517,6.4994871592559775,1.2024353120243532,0.40336860174748407,2012-10-15 12:08:21
477,4.587930462787863,2.952585605447493,10.632765023385643,1.314123623776022,0.40342906415451196,2012-10-15 12:08:21
478,3.7911817113394246,2.6722090261282663,9.10463862239707,1.2903225806451613,0.36508912301462504,2012-10-15 12:08:21
479,6.576567689322943,3.539651487927533,17.609802496468525,1.671933938220002,0.41175874404780183,2012-10-15 12:08:21
480,3.1162649146776014,2.3711966006525538,6.9632679109739835,1.1792828685258963,0.37972512072579656,2012-10-15 12:08:21
482,3.9307094537493072,3.4916201117318435,3.9032038122547497,1.3793103448275863,0.39257347814269267,2012-10-15 12:08:21
483,2.0586382519690876,1.9995800083998316,1.4878341619931266,1.0308653204778364,0.1503759183381737,2012-10-15 12:08:21
484,3.214193880174852,3.1623482607365094,0.44441702468602146,1.0145293214743791,0.29253187888875226,2012-10-15 12:08:21
485,3.485109868088591,3.135372214319583,4.06354883218243,1.118925831202046,0.3841990652171093,2012-10-15 12:08:21
486,10.033781736349944,8.42065868263473,3.7869571484827302,1.293103448275862,0.4140786355805843,2012-10-15 12:08:21
487,4.822461094795118,3.805899143672693,5.562823024328564,1.183673469387755,0.5372677764651186,2012-10-15 12:08:21
490,3.075275391680144,2.175032175032175,11.455553380541593,2.5641025641025643,0.4151706145394507,2012-10-15 12:08:21
491,4.193399589046839,3.6885245901639343,5.219088894518744,1.990049751243781,0.3094991456455828,2012-10-15 12:08:21
492,3.8183824568236404,3.4071624783803034,3.515910416423747,1.069853183224702,0.4310209123990462,2012-10-15 12:08:21
493,4.263873386155902,2.807829834051527,10.53458085913013,1.4285714285714286,0.40633082652668917,2012-10-15 12:08:21
495,2.4659939435188747,2.1953874687525197,3.96849623293012,1.0812975570684822,0.40963716644781917,2012-10-15 12:08:21
496,5.156818861580668,4.196413896152409,6.276604555464542,1.3025133003118694,0.4644573242361528,2012-10-15 12:08:21
497,4.989049037362988,4.681647940074906,1.3019216566291547,1.0546875,0.35584943507278366,2012-10-15 12:08:21
498,2.5057476212499323,5.302921116973363,4.30603357423408,2.3457658925639215,0.4950967353757626,2012-10-15 12:08:21
499,3.7516413430876017,2.96861485234153,5.902851213216322,1.159155036986197,0.3939725634590795,2012-10-15 12:08:21
500,2.8191249436175005,2.348993288590604,4.78688684995642,1.4285714285714286,0.41728640213247625,2012-10-15 12:08:21
501,9.014865422933763,7.622795115332428,4.1437422549430485,1.3163668275559457,0.34532703856754,2012-10-15 12:08:21
502,3.5250082414692687,3.159780272271316,2.710559569934179,2.2675736961451243,0.44585901958159946,2012-10-15 12:08:21
503,4.6959470548874975,4.395256916996048,1.5325369243383438,1.9984012789768186,0.29453577239924605,2012-10-15 12:08:21
504,4.3438148572281445,3.5121951219512195,5.265849620167881,1.1679514132212099,0.4242232627163142,2012-10-15 12:08:21
505,4.578861922037732,3.5999999999999996,10.94820939190007,1.557632398753894,0.3508223641372144,2012-10-15 12:08:21
506,3.350417671442966,2.573925338255798,7.724211598876529,1.1856282881424525,0.5637846766842153,2012-10-15 12:08:21
507,3.868008540717579,3.45211763105211,2.705805848763561,1.6778523489932886,0.4065715181336927,2012-10-15 12:08:21
508,2.551925300042617,2.323660022720231,3.872194324783932,1.072463768115942,0.3083639846983035,2012-10-15 12:08:21
509,2.0242996935210265,1.988235294117647,1.8012323197806743,1.0395010395010393,0.1503759183381737,2012-10-15 12:08:21
511,3.4221495205568524,2.5913845461702847,12.626981417671537,1.4147564469914042,0.4200779335987535,2012-10-15 12:08:21
512,4.793807551157717,4.537195008381449,1.2137336346175167,1.046695712472688,0.42647772677638845,2012-10-15 12:08:21
513,2.896617463370679,2.0837026095519446,16.62495150866331,1.317353185191829,0.2211851127201504,2012-10-15 12:08:21
514,3.034385658279625,2.2679042537820613,13.402120320225391,1.7281105990783412,0.39502029022754004,2012-10-15 12:08:21
515,3.2735795938142442,3.1532175689479054,2.4047827843102456,1.4074595355383532,0.18605806515535114,2012-10-15 12:08:21
516,5.566252036552464,3.2266666666666666,11.040956996789667,1.4217239418311804,0.5184356109642037,2012-10-15 12:08:21
517,3.8859851943964094,3.512332188573213,4.3163127268023045,1.2244897959183672,0.3597491402659299,2012-10-15 12:08:21
518,3.1891837175842594,2.909090909090909,3.0562995053931905,3.041362530413625,0.41056032199300385,2012-10-15 12:08:21
519,6.365899151425643,5.651162790697676,3.195099771750535,1.1223344556677888,0.38677044826201806,2012-10-15 12:08:21
520,2.0625446025270295,1.9957487009919694,1.5115139947129232,1.0256410256410255,0.1503759183381737,2012-10-15 12:08:21
521,7.407736640146969,6.779661016949153,2.630589287593181,1.6666666666666667,0.4732542860201367,2012-10-15 12:08:21
522,4.9384330490211585,4.421397379912663,3.329477213995993,1.0672358591248667,0.34855582269477714,2012-10-15 12:08:21
523,5.014366410484358,4.140099948302601,5.011899155266381,1.2283215862895915,0.41103602652831095,2012-10-15 12:08:21
524,5.541031588257468,4.007837548984681,7.391071565672254,1.2105490704712494,0.346111292235804,2012-10-15 12:08:21
525,5.142049106568967,4.856115107913669,1.2441219820310387,1.0416666666666667,0.3422603249120292,2012-10-15 12:08:21
526,4.685267177360789,3.773584905660378,4.673506891689221,1.1450381679389312,0.35450597509833986,2012-10-15 12:08:21
527,6.160480517480362,4.948045522018802,4.977449145897927,1.6666666666666667,0.34665076789760363,2012-10-15 12:08:21
528,1.7144894936083828,2.272727272727273,19.55129308318224,2.380952380952381,0.3749818621124707,2012-10-15 12:08:21
529,4.7975896909392715,4.505406487785343,1.1976829482147768,1.044932079414838,0.3108196497018342,2012-10-15 12:08:21
530,6.974161151383793,6.744604316546762,0.7823681997627471,1.0355987055016183,0.4907905780192332,2012-10-15 12:08:21
531,4.558068793656043,4.418838780857812,1.2947255852112416,1.1173184357541899,0.45078328710151944,2012-10-15 12:08:21
533,2.002078157127098,1.9957487009919694,0.7593402617641798,1.0156833457804333,0.1503759183381737,2012-10-15 12:08:21
534,9.703436772939677,7.9617834394904445,4.998569795451496,2.205882352941176,0.29091409218364833,2012-10-15 12:08:21
535,4.339720620937641,3.6455696202531644,4.090383030149294,1.1125945705384956,0.4563457789467896,2012-10-15 12:08:21
536,10.419479926246753,9.615384615384615,4.493372897946486,20.0,0.4306945435120479,2012-10-15 12:08:21
538,5.872680291284942,4.984492689410722,2.5254262566501087,1.1428571428571428,0.2501743986707356,2012-10-15 12:08:21
539,6.34733962684752,4.333333333333333,9.150497254247991,1.3699568463593397,0.3632672012179411,2012-10-15 12:08:21
540,4.416161384201624,2.944127365575248,9.566148297281783,1.2547838634795156,0.3098092516878488,2012-10-15 12:08:21
541,3.9701569653168276,3.8239292997960574,4.207459645280825,1.207824602862019,0.38895968896878313,2012-10-15 12:08:21
543,5.027652086475616,4.651162790697675,1.4832396974191306,1.0619469026548671,0.3387967511584786,2012-10-15 12:08:21
545,3.077112437688473,2.7458455522971645,3.348144972921716,1.1230907457322552,0.14070338349184797,2012-10-15 12:08:21
546,3.9119916117511067,2.349804239233158,17.78931908232612,1.452081316553727,0.37524646892143293,2012-10-15 12:08:21
547,3.095256519384044,2.9648314188662033,1.390054297633811,1.0236859755021357,0.27989910660877443,2012-10-15 12:08:21
549,4.611227841782133,3.60500695410292,6.150230247622073,3.0193236714975846,0.46680463043875514,2012-10-15 12:08:21
550,2.4223691254520747,2.4464831804281344,3.0569592735265543,1.442307692307692,0.13238206272920075,2012-10-15 12:08:21
551,3.1529268525384304,6.088917525773196,2.5617759108841454,1.5873015873015872,0.48018074774151065,2012-10-15 12:08:21
552,3.4039401287778634,2.8424143556280588,6.986416309942535,1.1878752353547197,0.287126663837227,2012-10-15 12:08:21
553,8.438430468809662,7.384615384615383,5.7614162032148535,1.4387661141804788,0.39959938633182623,2012-10-15 12:08:21
554,3.720914310506207,2.262861183680685,18.957624162560272,1.6151562772830454,0.5568448577135386,2012-10-15 12:08:21
555,2.1520049315345005,1.923076923076923,4.196992971163992,1.0954902318787656,0.15499665756366288,2012-10-15 12:08:21
556,4.2901993827261125,3.90049751243781,2.3820245205132826,1.096141581632653,0.6243538629012279,2012-10-15 12:08:21
557,4.268541091196186,3.1523642732049035,5.753559284863976,1.1832319134550373,0.356980593288393,2012-10-15 12:08:21
560,3.321692241427103,2.8713328086411374,4.470121856727027,1.123854142688855,0.43639182827441186,2012-10-15 12:08:21
561,4.386844012732199,3.7617554858934175,4.3594590643029685,1.0937684758188482,0.3480565333141242,2012-10-15 12:08:21
562,2.8787762022971304,2.858044035651784,3.140070629209758,1.0830530696004104,0.27905579218853066,2012-10-15 12:08:21
563,5.192889895155553,5.10613545816733,1.4636131052958277,1.0323050765120234,0.4366604203228046,2012-10-15 12:08:21
564,6.229405973190508,5.050505050505051,3.9439510646051397,1.215277777777778,0.44344114180222505,2012-10-15 12:08:21
565,4.495591083912186,4.035241618673481,4.738978856770194,1.1295822676896847,0.4382975371701431,2012-10-15 12:08:21
566,7.176902831984327,3.3272469420315547,14.943939034826299,1.6303411139422115,0.33907401676812643,2012-10-15 12:08:21
567,5.937746527813651,4.173913043478261,6.951280457584776,1.25,0.5442267783055302,2012-10-15 12:08:21
568,3.1188121791736383,2.251106781373693,15.399785755873443,1.2742358818050967,0.33755151784298115,2012-10-15 12:08:21
570,5.7114463095489665,5.416466056812711,1.0063686092967017,1.111111111111111,0.3647482791609697,2012-10-15 12:08:21
571,4.842216379281125,4.2347176854876345,3.580000692552685,2.0202020202020203,0.49040620746317215,2012-10-15 12:08:21
572,4.165110997709023,3.7578288100208765,2.492406244754033,1.075011944577162,0.3534205526071794,2012-10-15 12:08:21
573,2.793982878472921,2.546979485435793,2.8615582268998225,1.1230907457322552,0.13344834864110341,2012-10-15 12:08:21
575,4.973095553057957,4.796163069544364,1.7204650534085244,1.6666666666666667,0.37266053195868293,2012-10-15 12:08:21
577,5.019500760454366,4.458314757021846,3.7901187316494447,1.1450381679389312,0.26619951360700833,2012-10-15 12:08:21
578,5.806459105108522,5.539143279172822,0.9183318209303929,1.0377358490566038,0.4907854554636786,2012-10-15 12:08:21
579,3.481894150417827,3.1676767676767676,3.2973396821667986,1.0912698412698414,0.30140547453559074,2012-10-15 12:08:21
580,3.6058125698626182,3.1770686246822932,4.50493556496033,1.4814814814814816,0.3644242668875622,2012-10-15 12:08:21
581,5.636152536832257,4.650742488776333,4.798246654884972,1.1351970307194186,0.280515782385965,2012-10-15 12:08:21
582,3.71529045620646,2.572956250608984,15.095090349604467,2.051282051282051,0.37896981227077475,2012-10-15 12:08:21
583,2.419064160838738,2.0338201383551118,8.38703167560123,1.5873015873015872,0.30049763833469806,2012-10-15 12:08:21
584,3.2278681222199985,3.0243526941917427,1.7327198318371113,1.0629251700680271,0.19913720948329586,2012-10-15 12:08:21
585,3.3321559715567166,3.056716417910448,1.7294327104573939,1.059322033898305,0.49821546589660193,2012-10-15 12:08:21
586,2.0100059301204953,1.9950124688279303,1.0847349906774473,1.0237909516380654,0.22362574103282853,2012-10-15 12:08:21
587,4.090950000409094,3.491620111731843,4.583666654546336,1.1560693641618496,0.3714363875824847,2012-10-15 12:08:21
588,3.543799591045527,3.4715191207679226,0.4248439130800365,1.0181571355845918,0.2970570693830599,2012-10-15 12:08:21
589,3.7897471044910964,2.571428571428571,12.640953067092864,1.3842746400885937,0.3478556856284046,2012-10-15 12:08:21
590,3.378104478015296,2.9687567334626155,3.5110029650077528,1.1308030757843663,0.3282382464858705,2012-10-15 12:08:21
591,6.419216978777555,5.8966150616636055,2.4449846079272297,1.1253711330332345,0.3716896134784112,2012-10-15 12:08:21
592,3.553988641452302,3.4543080939947783,1.0022687793058676,1.0465724751439036,0.4823940706123048,2012-10-15 12:08:21
593,4.198103112297327,3.0,11.612382758647481,1.3466199838405601,0.3611969261388296,2012-10-15 12:08:21
594,4.690114079051779,3.5999999999999996,9.071624563562041,1.5248551387618177,0.38271156769076287,2012-10-15 12:08:21
595,3.7428511542952956,3.4458908813429985,2.156718724728926,1.0616819827346142,0.33255717249615524,2012-10-15 12:08:21
596,3.7272983304238045,2.3499921666927777,13.602400931861663,1.360381861575179,0.40609142667430925,2012-10-15 12:08:21
597,5.246644770669158,5.2603841733705465,1.1284721221834586,1.0345541071798052,0.41260974784049437,2012-10-15 12:08:21
598,3.951469162161696,3.408595113438045,3.661379521437244,1.1188036554970924,0.3733816058457173,2012-10-15 12:08:21
599,6.759519025071867,4.505519261094841,8.715365741034626,1.3105835806132544,0.42756877128094317,2012-10-15 12:08:21
600,5.9550054083359125,4.148434322895485,7.074765550694555,1.2595116166906795,0.28726553973791047,2012-10-15 12:08:21
601,3.859781845130113,3.146192624038206,9.932695498796713,1.5909090909090908,0.6302850711824133,2012-10-15 12:08:21
602,5.924027077779929,5.245213742460005,2.9867122392356458,1.6666666666666667,0.3381050158265651,2012-10-15 12:08:21
603,3.353800122165523,2.495045739758731,9.127838084183837,1.2441582880381956,0.5598444389877777,2012-10-15 12:08:21
604,3.9098926147993347,3.4541878437652302,2.782094944492612,1.7636684303350971,0.43170854283528787,2012-10-15 12:08:21
605,6.615205658805685,5.71161318175277,2.420680905105766,1.4430014430014428,0.4051838950100391,2012-10-15 12:08:21
606,4.212566084630453,3.4568023833167825,4.66289407501828,1.155624036979969,0.27133206243519437,2012-10-15 12:08:21
607,4.832084577715913,4.267745635274627,2.874587548295397,1.0727040977296531,0.44461224918884695,2012-10-15 12:08:21
608,2.3875140654422378,2.1374735023945983,3.8046219656089,1.0654633198583559,0.3415279521737565,2012-10-15 12:08:21
609,2.6992593232417024,2.1131483640640965,11.434645306315803,2.34375,0.29262191670531834,2012-10-15 12:08:21
610,3.3678765201752645,2.800256081946223,5.297850285705373,1.1193415637860082,0.30150203870697584,2012-10-15 12:08:21
611,2.0661455847501924,1.9559902200488999,2.732215218462847,1.0572139303482586,0.1503759183381737,2012-10-15 12:08:21
613,3.7955705691458066,3.238341968911917,3.96547601177967,1.2903225806451613,0.37725601160750843,2012-10-15 12:08:21
615,7.026194214125798,5.48847420417124,4.714106490099688,1.1634349030470914,0.5503492579698117,2012-10-15 12:08:21
616,5.2092015335889315,4.8828125,2.154065922853802,1.6666666666666667,0.3863446408311413,2012-10-15 12:08:21
617,4.518652772713121,4.020054694621695,2.5714746468535217,1.984126984126984,0.4463556198789716,2012-10-15 12:08:21
618,5.42364056449251,4.804804804804805,2.6248809496813377,1.1067708333333333,0.33406484076215376,2012-10-15 12:08:21
619,3.3335516809684367,2.682403433476395,5.072528955067677,1.1571841851494695,0.4050188921209802,2012-10-15 12:08:21
620,5.534064936717967,2.89605038096719,15.483062822604188,1.6407599309153713,0.5995889357051601,2012-10-15 12:08:21
622,3.6011768645993514,3.2152043440983133,4.043032415293145,1.5686274509803921,0.3637474395953357,2012-10-15 12:08:21
623,4.673115566147951,3.896443066374247,7.215020181944625,5.845323741007194,0.4542956169466275,2012-10-15 12:08:21
624,10.6258407696509,9.920634920634921,5.094212402324819,20.0,0.4468475138588361,2012-10-15 12:08:21
625,2.4439659702178305,2.181153715150398,6.215705913249113,1.6,0.3039099604009431,2012-10-15 12:08:21
627,3.9017690620927534,3.7525016677785192,0.8048464311766421,1.1111111111111112,0.4010976102626478,2012-10-15 12:08:21
628,4.2887699117401175,2.936064264574623,13.090357137985196,6.666666666666667,0.5691847092135689,2012-10-15 12:08:21
629,4.647790440424621,4.149242037131664,2.8556279599916916,1.0868491255804762,0.42923535355252873,2012-10-15 12:08:21
630,3.8158326528431776,3.790488583934698,1.9339094937205086,1.1173184357541899,0.3723662308151537,2012-10-15 12:08:21
631,6.092360180333861,5.267316302343956,3.1144823004794873,1.4285714285714288,0.41715526946329584,2012-10-15 12:08:21
632,4.681143884319572,4.675470596818911,0.5297761268766935,1.047486033519553,0.4143370295071884,2012-10-15 12:08:21
633,2.2152496991801676,2.188517040221062,0.9091723813099712,1.2626262626262625,0.17981854062704747,2012-10-15 12:08:21
634,3.524291922174894,2.162144275314361,18.191223113845773,1.4409429530684883,0.28575836547974764,2012-10-15 12:08:21
635,3.963883629255745,3.6982248520710064,1.4056552445982875,1.1764705882352942,0.33158137832525275,2012-10-15 12:08:21
636,5.965659872078354,5.520287054926856,2.375973484700533,1.6666666666666667,0.3996847693862746,2012-10-15 12:08:21
637,3.4696200072168093,3.3834586466165413,2.7430720815254643,1.1378848728246318,0.4124671289978552,2012-10-15 12:08:21
638,10.750484900621442,10.083333333333334,4.162535880767598,23.923444976076556,0.43097484028639493,2012-10-15 12:08:21
640,2.4634667875407703,2.024459977535808,6.188547875088273,1.1241970021413275,0.6060796279444008,2012-10-15 12:08:21
641,2.937841156804334,2.4539644970414196,6.997369435176745,1.1677877428998507,0.20239590144128172,2012-10-15 12:08:21
642,4.176984689053772,3.5430746681866294,3.678444308129347,1.1299435028248586,0.41603451397463576,2012-10-15 12:08:21
643,4.339373741581615,3.0694761387529774,11.710183684102866,1.4742014742014742,0.42047226426443085,2012-10-15 12:08:21
644,3.2567614438526187,2.7461811071734084,4.925040004499843,1.1385816525699415,0.1471968057339096,2012-10-15 12:08:21
645,2.1706711932396616,1.8688804147564162,5.357713705808224,1.0815519181214388,0.672116629519804,2012-10-15 12:08:21
646,9.052231375033944,5.825080574274831,10.57976890033082,1.5921262121870023,0.39400914546301735,2012-10-15 12:08:21
647,1.9158629621540426,1.9793738670324825,5.078541534653917,1.2727062362605577,0.0,2012-10-15 12:08:21
650,4.086389544073346,2.9800019734894576,13.282391184795031,1.3700037675103607,0.4039593928826937,2012-10-15 12:08:21
651,3.1600768530690666,2.5924645696508817,7.27827818466245,1.2148823082763858,0.35225185059679986,2012-10-15 12:08:21
652,5.922240975985313,4.7407407407407405,5.609144319769283,1.2376237623762376,0.35315710484836527,2012-10-15 12:08:21
653,2.8024863659038304,1.7249971250047917,15.367968129991826,1.350521792510743,0.4474708049313959,2012-10-15 12:08:21
654,2.6390307367909918,2.1738080285976524,7.269533073802685,1.2082444918265813,0.2750619777429507,2012-10-15 12:08:21
655,3.1823316944325106,2.8734981209971955,3.0397647507210594,1.4306151645207437,0.3524934427409649,2012-10-15 12:08:21
656,8.447561256645697,8.0,4.895930282728027,17.36111111111111,0.45039937681545766,2012-10-15 12:08:21
657,3.147550824604808,2.574209245742093,5.226973465286126,1.1353437929132921,0.4188126763629674,2012-10-15 12:08:21
658,3.219346987657024,2.735229759299781,6.285698051927089,1.1904761904761905,0.1361711856053264,2012-10-15 12:08:21
659,5.9992011463753485,3.7692307692307696,12.414417803012556,1.6187778227438283,0.40880258676556214,2012-10-15 12:08:21
660,3.0709060852737187,2.7841376730265623,3.776331114504477,1.7147952534467383,0.32995838599345767,2012-10-15 12:08:21
661,3.2567985670086306,3.2815533980582523,1.5427823938562755,1.0758472296933834,0.3019095025471956,2012-10-15 12:08:21
662,4.849881849603322,3.0,14.68399185053801,1.5964240102171137,0.3611969261388296,2012-10-15 12:08:21
663,7.484199731736345,6.774796502864034,2.7454708423072742,1.2353998203054806,0.332696052018877,2012-10-15 12:08:21
664,7.022225343211264,2.8590112409724426,24.30163377969662,2.2049865298488256,0.3471390154935754,2012-10-15 12:08:21
665,3.6434518062412327,3.475578406169666,13.220462219672017,2.0956607495069033,0.38462433183205647,2012-10-15 12:08:21
666,2.367195088524692,1.9559902200488999,9.310179912332517,1.2082370245849967,0.22363745039397007,2012-10-15 12:08:21
667,4.465541647874179,4.145173176123802,1.474411370306432,1.0526315789473684,0.29881338989522466,2012-10-15 12:08:21
668,7.206324270179509,5.333333333333333,7.251551558114995,1.3354700854700856,0.45203314561613256,2012-10-15 12:08:21
669,5.068475098581842,4.360884190293128,3.6784945717031574,1.5151515151515151,0.4624832139479059,2012-10-15 12:08:21
670,8.876841633949589,5.899942163100058,7.045582005866656,1.3051305130513051,0.28214686050025695,2012-10-15 12:08:21
671,4.450972537499444,3.4469069541479667,7.594888483005557,1.5729089563286456,0.4985758143508095,2012-10-15 12:08:21
672,3.1864283643107276,2.938775510204082,2.908703414849227,1.3157894736842106,0.40840706422927703,2012-10-15 12:08:21
673,5.789449307581863,5.341857335127861,1.7709022373327024,1.3227513227513226,0.3998089751247676,2012-10-15 12:08:21
674,5.035931370327285,4.7462317766246604,1.9706155631238664,1.109139307897072,0.40475506398165445,2012-10-15 12:08:21
675,3.0353971625957232,2.976417971132344,1.1074567316785455,1.559332605644784,0.2834855253754999,2012-10-15 12:08:21
676,5.86168876425636,3.8401253918495297,9.284866444810028,1.2892348886795262,0.24745567141306707,2012-10-15 12:08:21
677,4.948045522018803,3.870796460176992,5.420730247409531,1.155765694772787,0.47718417850888273,2012-10-15 12:08:21
678,2.159482069820374,2.1785428078996194,2.131594446737359,0.9475916803503011,0.32278101761058176,2012-10-15 12:08:21
679,3.790348257197872,3.3013033760907566,3.141133009226185,1.0890976935249854,0.3975828868421645,2012-10-15 12:08:21
680,7.4472917923397155,4.989452867501648,6.943452258358487,1.257183908045977,0.45515295676283946,2012-10-15 12:08:21
681,3.9455194779446443,2.917046490428441,7.067372213206262,1.17096018735363,0.28380204823865374,2012-10-15 12:08:21
682,3.4865983874482454,2.1490337373075663,16.848948614836253,1.646090534979424,0.3254807615233539,2012-10-15 12:08:21
683,3.0884685325361048,2.4693826853806984,10.804165289076357,1.3437433924382816,0.2645669451003607,2012-10-15 12:08:21
684,5.330149457390785,4.969104832321099,3.401070458484713,1.165396683101748,0.4186062475370117,2012-10-15 12:08:21
686,4.884143238245576,3.3476337903582483,8.28740613277552,1.3288153611055744,0.3542697232242726,2012-10-15 12:08:21
687,3.1182178761194397,2.475647710278485,6.048308922031559,1.3333333333333335,0.4846941491293873,2012-10-15 12:08:21
688,2.8640701426816735,2.5351527938474105,5.108281777328166,0.7919675695991838,0.3620142300371084,2012-10-15 12:08:21
689,4.2345062802809545,4.004805766920303,3.679701074815726,1.1777777777777778,0.29033117042824846,2012-10-15 12:08:21
690,4.434800035531618,3.933910306845004,2.5212199428054656,1.093983092988563,0.3099975023231622,2012-10-15 12:08:21
692,3.992685400346565,3.6800195737644064,4.523771295951512,1.2375205094691175,0.0,2012-10-15 12:08:21
693,4.361916975272292,3.856300610882227,4.0264198795638775,1.1794384562461095,0.0,2012-10-15 12:08:21
694,3.4124335428567534,3.0334981700332473,4.0721256893099715,1.2262415695892093,0.0,2012-10-15 12:08:21
695,3.8767353236492488,2.7546681550639334,10.197416136504383,1.290486572096161,0.06273130037310616,2012-10-15 12:08:21
696,4.492383164344853,3.944561505485723,4.814669393756975,1.171247911411067,0.08348412725808246,2012-10-15 12:08:21
697,5.609720523723508,4.576287038217914,9.280012691419834,1.5394088669950738,0.06969141749656628,2012-10-15 12:08:21
698,4.454779532960914,3.4557311261600203,8.628009477252316,1.2682308180088775,0.40088935406681775,2012-10-15 12:08:21
699,4.7792922823988215,3.8421845574387943,4.975010387925306,1.1424219345011424,0.42311439340977675,2012-10-15 12:08:21
700,6.455361177457879,5.830903790087464,2.9240383034426887,2.5,0.33385354571074116,2012-10-15 12:08:21
701,3.8585089401845067,3.5963302752293576,1.609316942186395,1.0418403067177864,0.6447583240245077,2012-10-15 12:08:21
702,3.984068348126777,2.933022843202484,6.839343669801104,1.2146022177736793,0.37982545861837497,2012-10-15 12:08:21
703,3.43152057539737,2.411510498754385,12.451794856265492,1.3610127246490882,0.686385233265416,2012-10-15 12:08:21
722,5.850274167248574,5.860801170660326,0.8349234959898569,4.655493482309125,0.4512621672034025,2012-10-15 12:08:21
723,2.5835720984547654,2.6978417266187047,6.838981405638317,2.962962962962963,0.2406700851349992,2012-10-15 12:08:21
724,2.0737164731889197,2.0168519182502687,4.841602122346603,1.100196463654224,0.34834621331559185,2012-10-15 12:08:21
725,3.228378740480318,3.3462224866151096,4.169798822751793,1.3008130081300815,0.0,2012-10-15 12:08:21
726,3.0951798763785154,3.2124582869855396,5.369276247672745,1.461988304093567,0.34010148955713354,2012-10-15 12:08:21
727,2.5325239386825302,2.6965452847805786,11.792611776904032,1.7215937038858828,0.27852150278994176,2012-10-15 12:08:21
728,2.7342201320628323,2.8369351669941065,5.461188926189483,1.6290726817042607,0.3030911031285781,2012-10-15 12:08:21
729,2.7342126561235425,2.29570747217806,14.466838572492211,1.3157894736842104,0.34111778211425936,2012-10-15 12:08:21
730,3.281970495085249,3.0720917531403606,4.84051191048587,2.666666666666667,0.0,2012-10-15 12:08:21
731,2.841167378852623,2.919045147898287,1.4360439485692003,2.2222222222222223,0.0,2012-10-15 12:08:21
732,2.901595297094343,2.2802415157193425,10.507123396748842,1.26873598489319,0.36471525489152035,2012-10-15 12:08:21
733,2.8069151160799746,2.40650406504065,7.929000823184095,2.2522522522522523,0.36422902384487965,2012-10-15 12:08:21
734,2.636894371285275,2.658408012651555,7.38619532775771,1.4302920806985846,0.35785922794283276,2012-10-15 12:08:21
735,2.8265834520498383,2.6054694013673503,7.163797875428927,1.86046511627907,0.3643623922598006,2012-10-15 12:08:21
736,2.8102281062153813,2.640696298800068,8.631048603732921,1.797752808988764,0.36342571280232,2012-10-15 12:08:21
737,3.345096924183378,2.1461274322777566,13.340518897121074,1.6931216931216932,0.343384370385256,2012-10-15 12:08:21
738,3.6296586668989645,3.3422459893048124,4.626733909213568,2.051282051282051,0.2947594524664674,2012-10-15 12:08:21
739,2.912530872827251,2.5258194881005838,9.143789634986629,1.4953271028037385,0.4040539510137052,2012-10-15 12:08:21
740,2.796303287054514,2.4969145826567067,7.634678739730767,1.6129032258064513,0.36434527706162456,2012-10-15 12:08:21
741,2.792024860189355,2.647382920110193,8.488421139666013,1.8122508155128667,0.3608304057751981,2012-10-15 12:08:21
742,2.725270891926657,2.573819886173418,8.446900927307862,1.8374846876276032,0.35775233653293026,2012-10-15 12:08:21
743,2.455240957347554,2.5303562468640237,4.547276937149209,1.6260162601626016,0.38208003855673156,2012-10-15 12:08:21
744,4.143823837761009,3.4177514792899406,11.82490153865528,1.725625539257981,0.25156358686629643,2012-10-15 12:08:21
745,3.177441184372137,3.1761716544325242,5.774842470193933,1.8779342723004697,0.29122927179668684,2012-10-15 12:08:21
746,4.748360628493012,4.297173414820474,6.919818558957227,1.6666666666666665,0.24911720537348284,2012-10-15 12:08:21
747,2.1956692619477343,2.0010672358591246,6.251133230596409,1.1466666666666667,0.3483462133155918,2012-10-15 12:08:21
748,2.1051656554854303,1.999644507643085,2.299516857467627,1.03612815269257,0.35069200556645347,2012-10-15 12:08:21
749,2.946931654761063,2.591169531513313,11.065244027594623,1.6475893166840094,0.35731857658457256,2012-10-15 12:08:21
750,2.0541937392283214,1.708168843000304,15.597738440057404,1.3038130381303812,0.0,2012-10-15 12:08:21
751,2.6720106880427523,2.231186634299586,10.566456359631642,1.5111111111111113,0.3658551390601143,2012-10-15 12:08:21
752,3.360023116959045,2.3537502686438865,12.683377047284916,1.3376320482919468,0.38474450864261717,2012-10-15 12:08:21
753,2.8883118683622984,2.3848361108045464,8.528138264330716,1.511715797430083,0.37937597521745786,2012-10-15 12:08:21
754,3.180995460719478,2.6150907354345745,11.115047316337074,1.6891891891891893,0.4292451568728773,2012-10-15 12:08:21
755,3.1170806669305793,2.4570150207734103,14.981916432125375,4.032258064516129,0.38529116134787283,2012-10-15 12:08:21
756,3.440824696863344,2.477267586518887,11.404994228530425,2.039775624681285,0.367400222819848,2012-10-15 12:08:21
757,2.6992738953221584,2.518188914910226,13.99488217218902,3.9370078740157477,0.3511961376391953,2012-10-15 12:08:21
758,2.6508393882923027,2.521338127247147,5.424614867701938,1.5310586176727907,0.36808102457132263,2012-10-15 12:08:21
759,2.772379339120213,2.4672351176377703,6.950179853787959,1.702127659574468,0.36874224366155006,2012-10-15 12:08:21
760,3.4144725834923917,2.492246344705361,9.652834931885153,2.2222222222222223,0.3625675977826443,2012-10-15 12:08:21
761,3.021120654495579,2.245957276901577,10.352321264120215,1.2749615975422428,0.3576713448791036,2012-10-15 12:08:21
762,3.160925898414163,2.437703141928494,8.690575994208388,2.2222222222222223,0.3647088041487166,2012-10-15 12:08:21
763,2.4912556925192573,2.5603316974107293,4.414234212072016,1.4248596094208366,0.37104873281532086,2012-10-15 12:08:21
764,2.9720950000445807,2.6310746064339496,10.922092619091856,1.7281105990783407,0.354185263326511,2012-10-15 12:08:21
765,5.153209292493737,4.524886877828053,2.840624931243123,1.093088857545839,0.34735989022151265,2012-10-15 12:08:21
766,3.7416357136734226,2.996657791876735,5.929322149547881,1.1485451761102605,0.3420259045142848,2012-10-15 12:08:21
767,5.978894502406504,5.048217121408979,6.585492508013931,1.8873859704309532,0.4044848643790059,2012-10-15 12:08:21
768,4.440733964509655,4.378239639414048,2.5228281438391646,1.1459129106187933,0.4205431190818114,2012-10-15 12:08:21
769,5.2345880640922955,4.90655254665357,2.304460840151291,1.3368983957219251,0.4036640826533496,2012-10-15 12:08:21
770,4.817280548784599,4.484745762711865,2.6234399062785707,1.2531328320802004,0.39581503626365405,2012-10-15 12:08:21
771,5.1450386392401795,4.807869187531937,2.247807826640767,1.2886597938144329,0.42803038557803397,2012-10-15 12:08:21
772,4.4949072700630195,4.359875444839857,2.476877458967263,1.0856225809496838,0.4162581016307616,2012-10-15 12:08:21
773,4.8443510022962215,4.529112754158964,2.412453025246399,1.2626262626262625,0.4149864442806819,2012-10-15 12:08:21
774,4.699181872436008,4.4804571428571425,2.034194346196584,1.1784511784511784,0.4196663538684143,2012-10-15 12:08:21
775,2.4321818322486735,1.9962570180910795,7.670469346787065,1.2067156348373558,0.22222368494790484,2012-10-15 12:08:21
776,3.1537017409915853,2.982481157058464,2.3501224153477045,1.7338033866959488,0.3349392537317325,2012-10-15 12:08:21
777,3.980436631608043,3.1481291118421053,6.210814137043386,1.6210739614994933,0.4124823761423458,2012-10-15 12:08:21
778,5.538857438948636,4.725787631271879,3.30874869115721,1.1030503584913662,0.29513125696827325,2012-10-15 12:08:21
779,6.364830290074595,5.574136008918617,3.6182730687442612,1.388888888888889,0.4267362663276882,2012-10-15 12:08:21
780,3.6518708077664335,3.4935400516795867,2.318246697717756,1.084441873915558,0.2526534334169241,2012-10-15 12:08:21
781,4.367873105249407,2.880184331797235,9.51815283200125,1.2578616352201257,0.4378926777047963,2012-10-15 12:08:21
782,5.270978362106725,2.8340412853798678,17.65074486845019,1.6533854543414652,0.41363976235588334,2012-10-15 12:08:21
783,8.978063806919915,4.834550923936399,12.800983252165524,1.909814323607427,0.3513347761007397,2012-10-15 12:08:21
784,5.202007746101654,3.7612838515546643,9.928948416960717,1.449763991908294,0.3436434598077075,2012-10-15 12:08:21
