"","elect.uid","country","year","election_date","n.parties","p.crash.tm1","p.crash.tp1","s.crash.tm1","s.crash.tp1","c.location.mean.tm1","c.location.max.tm1","c.location.min.tm1","c.location.mean.tp1","c.location.max.tp1","c.location.min.tp1","share.v.crash.tm1","share.v.crash.tp1","np.vote","NP.d","S.NP.d","NP.n","S.NP.n","np.location.min","np.location.max","np.location.mean","uid"
"1",1,"Australia","1901","1901-03-30",4,0,1,0,0,0,0,0,0,0,0,0,0.6,NA,NA,NA,NA,NA,1.11666663320441,1.11666663320441,1.11666663320441,"Australia1901"
"2",2,"Australia","1903","1903-12-16",4,0,1,0,0,0,0,0,0,0,0,0,0.5,0.5,1,1,1,1,0,0,0,"Australia1903"
"3",3,"Australia","1906","1906-12-02",5,0,1,0,0,0,0,0,0,0,0,0,61.7,7.1,1,1,2,2,0,0,0,"Australia1906"
"4",4,"Australia","1910","1910-04-13",2,0,0,0,0,0,0,0,0,0,0,0,0,45.1,1,1,1,1,2.39025342246012,2.39025342246012,2.39025342246012,"Australia1910"
"5",5,"Australia","1913","1913-05-31",2,0,0,0,0,0,0,0,0,0,0,0,0,0,0,0,0,0,0,0,0,"Australia1913"
"6",6,"Australia","1914","1914-09-05",2,0,1,0,0,0,0,0,2.39025342246012,2.39025342246012,2.39025342246012,0,47.2,0,0,0,0,0,0,0,0,"Australia1914"
"7",7,"Australia","1917","1917-05-05",2,0,0,0,0,0,0,0,0,0,0,0,0,54.2,1,1,1,1,0,0,0,"Australia1917"
"8",8,"Australia","1919","1919-12-13",7,0,1,0,0,0,0,0,0,0,0,0,9.3,10.2,1,1,5,5,2.8222222333763,2.8222222333763,2.8222222333763,"Australia1919"
"9",9,"Australia","1922","1922-12-16",4,0,1,0,0,0,0,0,2.39025342246012,2.39025342246012,2.39025342246012,0,4.7,0,0,0,0,0,0,0,0,"Australia1922"
"10",10,"Australia","1925","1925-11-14",3,0,0,0,0,0,0,0,0,0,0,0,0,0,0,0,0,0,0,0,0,"Australia1925"
"11",11,"Australia","1928","1928-11-17",4,0,0,0,0,0,0,0,0,0,0,0,0,1.6,1,1,1,1,0,0,0,"Australia1928"
"12",12,"Australia","1929","1929-10-12",5,0,1,0,0,0,0,0,0,0,0,0,38.8,0,0,0,0,0,0,0,0,"Australia1929"
"13",13,"Australia","1931","1931-12-19",5,0,1,0,0,0,0,0,0,0,0,0,5.5,52.5,1,1,3,3,0,0,0,"Australia1931"
"14",14,"Australia","1934","1934-09-15",9,0,1,0,0.0780141843971631,0,0,0,0,0,0,0,27.6,13.2,1,1,5,3,0,0,0,"Australia1934"
"15",15,"Australia","1937","1937-10-23",7,1,1,0.468085106382979,0,0,0,0,0,0,0,4.7,7.01,4.81,1,1,3,3,0,0,0,"Australia1937"
"16",16,"Australia","1940","1940-09-21",7,0,1,0,0,0,0,0,0,0,0,0,9.9,9.9,1,1,4,3,0,0,0,"Australia1940"
"17",17,"Australia","1943","1943-08-21",9,0,1,0,0,0,0,0,0,0,0,0,24.6,8.6,1,1,4,2,0,0,0,"Australia1943"
"18",18,"Australia","1946","1946-09-28",7,0,1,0,0,0,0,0,0,0,0,0,8.7,1.2,1,0,1,0,0,0,0,"Australia1946"
"19",19,"Australia","1949","1949-12-10",3,0,0,0,0,0,0,0,0,0,0,0,0,0,0,0,0,0,0,0,0,"Australia1949"
"20",20,"Australia","1951","1951-04-28",3,0,0,0,0,0,0,0,0,0,0,0,0,0,0,0,0,0,0,0,0,"Australia1951"
"21",21,"Australia","1954","1954-05-29",3,0,0,0,0,0,0,0,0,0,0,0,0,0,0,0,0,0,0,0,0,"Australia1954"
"22",22,"Australia","1955","1955-12-10",4,0,0,0,0,0,0,0,0,0,0,0,0,5.1,1,0,1,0,0.833333333333333,0.833333333333333,0.833333333333333,"Australia1955"
"23",23,"Australia","1958","1958-11-22",4,0,0,0,0,0,0,0,0,0,0,0,0,0,0,0,0,0,0,0,0,"Australia1958"
"24",24,"Australia","1961","1961-12-09",4,0,0,0,0,0,0,0,0,0,0,0,0,0,0,0,0,0,0,0,0,"Australia1961"
"25",25,"Australia","1963","1963-11-30",4,0,0,0,0,0,0,0,0,0,0,0,0,0,0,0,0,0,0,0,0,"Australia1963"
"26",26,"Australia","1966","1966-11-26",4,0,0,0,0,0,0,0,0,0,0,0,0,0,0,0,0,0,0,0,0,"Australia1966"
"27",27,"Australia","1969","1969-10-25",4,0,0,0,0,0,0,0,0,0,0,0,0,0,0,0,0,0,0,0,0,"Australia1969"
"28",28,"Australia","1972","1972-12-02",5,0,1,0,0.269230769230769,0,0,0,0.833333333333333,0.833333333333333,0.833333333333333,0,5.2,2.4,1,0,1,0,0,0,0,"Australia1972"
"29",29,"Australia","1974","1974-05-18",5,1,1,0.269230769230769,0,0.833333333333333,0.833333333333333,0.833333333333333,0,0,0,5.2,2.3,0,0,0,0,0,0,0,0,"Australia1974"
"30",30,"Australia","1975","1975-12-13",5,0,0,0,0,0,0,0,0,0,0,0,0,0.2,1,1,1,1,0,0,0,"Australia1975"
"31",31,"Australia","1977","1977-12-10",6,0,1,0,0,0,0,0,0.833333333333333,0.833333333333333,0.833333333333333,0,1.6,9.4,1,0,1,0,1.29961010298999,1.29961010298999,1.29961010298999,"Australia1977"
"32",32,"Australia","1980","1980-10-18",4,0,0,0,0,0,0,0,0,0,0,0,0,0,0,0,0,0,0,0,0,"Australia1980"
"33",33,"Australia","1983","1983-03-05",4,0,0,0,0,0,0,0,0,0,0,0,0,0,0,0,0,0,0,0,0,"Australia1983"
"34",34,"Australia","1984","1984-12-01",5,0,1,0,0,0,0,0,0,0,0,0,0.3,0,0,0,0,0,0,0,0,"Australia1984"
"35",35,"Australia","1987","1987-07-11",4,0,0,0,0,0,0,0,0,0,0,0,0,0,0,0,0,0,0,0,0,"Australia1987"
"36",36,"Australia","1990","1990-03-24",6,0,1,0,0.168141592920354,0,0,0,1.29961010298999,1.29961010298999,1.29961010298999,0,12.3,2.4,1,0,2,0,3.45614031741494,3.45614031741494,3.45614031741494,"Australia1990"
"37",37,"Australia","1993","1993-03-13",5,1,0,0.336283185840708,0,1.29961010298999,1.29961010298999,1.29961010298999,0,0,0,11.3,0,0,0,0,0,0,0,0,0,"Australia1993"
"38",38,"Australia","1996","1996-03-02",6,0,1,0,0,0,0,0,0,0,0,0,0.4,0,0,0,0,0,0,0,0,"Australia1996"
"39",39,"Australia","1998","1998-10-03",6,0,0,0,0,0,0,0,0,0,0,0,0,8.4,1,0,1,0,3.1578947368421,3.1578947368421,3.1578947368421,"Australia1998"
"40",40,"Australia","2001","2001-11-10",7,0,1,0,0.250645994832041,0,0,0,2.22875241991605,3.1578947368421,1.29961010298999,0,9.7,0,0,0,0,0,0,0,0,"Australia2001"
"41",41,"Australia","2004","2004-10-09",8,1,1,0.250645994832041,0,2.22875241991605,3.1578947368421,1.29961010298999,2.22875241991605,3.1578947368421,1.29961010298999,9.7,2.7,2,1,0,1,0,0,0,0,"Australia2004"
"42",42,"Australia","2007","2007-11-24",5,0,0,0,0,0,0,0,0,0,0,0,0,0,0,0,0,0,0,0,0,"Australia2007"
"43",43,"Australia","2010","2010-08-21",7,0,-Inf,0,0,0,0,0,0,0,0,0,0,9.12,1,1,1,1,0,0,0,"Australia2010"
"44",44,"Austria","1945","1945-10-25",3,0,0,0,0,0,0,0,0,0,0,0,0,NA,NA,NA,NA,NA,1.27073099415205,4.5,2.41468322527107,"Austria1945"
"45",45,"Austria","1949","1949-10-09",4,0,0,0,0,0,0,0,0,0,0,0,0,11.7,1,1,1,1,1.8,1.8,1.8,"Austria1949"
"46",46,"Austria","1953","1953-02-22",6,0,1,0,0,0,0,0,1.8,1.8,1.8,0,10.9,10.9,1,1,2,1,1.8,1.8,1.8,"Austria1953"
"47",47,"Austria","1956","1956-05-13",4,0,0,0,0,0,0,0,0,0,0,0,0,6.5,1,1,1,1,3.34936648762947,3.34936648762947,3.34936648762947,"Austria1956"
"48",48,"Austria","1959","1959-05-10",4,0,0,0,0,0,0,0,0,0,0,0,0,0,0,0,0,0,0,0,0,"Austria1959"
"49",49,"Austria","1962","1962-11-18",4,0,1,0,0,0,0,0,4.5,4.5,4.5,0,3,0,0,0,0,0,0,0,0,"Austria1962"
"50",50,"Austria","1966","1966-03-06",4,0,1,0,0,0,0,0,0,0,0,0,3.28,3.28,1,0,1,0,0,0,0,"Austria1966"
"51",51,"Austria","1970","1970-03-01",4,0,0,0,0,0,0,0,0,0,0,0,0,0,0,0,0,0,0,0,0,"Austria1970"
"52",52,"Austria","1971","1971-10-10",4,0,0,0,0,0,0,0,0,0,0,0,0,0,0,0,0,0,0,0,0,"Austria1971"
"53",53,"Austria","1975","1975-10-05",4,0,0,0,0,0,0,0,0,0,0,0,0,0,0,0,0,0,0,0,0,"Austria1975"
"54",54,"Austria","1979","1979-05-06",4,0,1,0,0,0,0,0,4.5,4.5,4.5,0,1,0,0,0,0,0,0,0,0,"Austria1979"
"55",55,"Austria","1983","1983-04-24",5,0,1,0,0,0,0,0,0,0,0,0,3.4,3.4,1,0,2,0,0,0,0,"Austria1983"
"56",56,"Austria","1986","1986-11-23",5,0,1,0,0,0,0,0,4.5,4.5,4.5,0,0.7,0,0,0,0,0,0,0,0,"Austria1986"
"57",57,"Austria","1990","1990-10-07",5,0,0,0,0,0,0,0,0,0,0,0,0,0,0,0,0,0,0,0,0,"Austria1990"
"58",58,"Austria","1994","1994-10-09",6,0,0,0,0,0,0,0,0,0,0,0,0,6.9,1,1,2,1,0.119444468286302,0.119444468286302,0.119444468286302,"Austria1994"
"59",59,"Austria","1995","1995-12-17",6,0,1,0,0,0,0,0,0,0,0,0,1.1,0,0,0,0,0,0,0,0,"Austria1995"
"60",60,"Austria","1999","1999-10-03",6,0,1,0,0.212327941324224,0,0,0,1.73440547795788,3.34936648762947,0.119444468286302,0,31.6,1,1,0,1,0,0,0,0,"Austria1999"
"61",61,"Austria","2002","2002-11-24",5,1,1,0.318491911986336,0,1.73440547795788,3.34936648762947,0.119444468286302,0.119444468286302,0.119444468286302,0.119444468286302,30.6,0.98,0,0,0,0,0,0,0,0,"Austria2002"
"62",62,"Austria","2006","2006-10-01",7,0,1,0,0,0,0,0,2.65,4.5,0.8,0,3.8,6.9,1,1,2,1,0.8,3.83,2.315,"Austria2006"
"63",63,"Austria","2008","2008-09-28",7,0,-Inf,0,0,0,0,0,0,0,0,0,0,1.76,1,0,1,0,0,0,0,"Austria2008"
"64",64,"Belgium","1946","1946-02-17",6,0,1,0,0,0,0,0,0,0,0,0,3.76,NA,NA,NA,NA,NA,2.5,3.6,3.05,"Belgium1946"
"65",65,"Belgium","1949","1949-06-26",5,0,1,0,0,0,0,0,1.5321491599873,1.5321491599873,1.5321491599873,0,2.1,2.1,1,0,1,0,1.5321491599873,1.5321491599873,1.5321491599873,"Belgium1949"
"66",66,"Belgium","1950","1950-06-04",5,0,0,0,0,0,0,0,0,0,0,0,0,0,0,0,0,0,0,0,0,"Belgium1950"
"67",67,"Belgium","1954","1954-04-11",7,0,1,0,0,0,0,0,0,0,0,0,0.8,0.8,1,1,1,1,0,0,0,"Belgium1954"
"68",68,"Belgium","1958","1958-06-01",6,0,1,0,0,0,0,0,0,0,0,0,2.1,0,0,0,0,0,0,0,0,"Belgium1958"
"69",69,"Belgium","1961","1961-03-26",7,0,1,0,0,0,0,0,0,0,0,0,1.69,0.88,1,1,1,1,0,0,0,"Belgium1961"
"70",70,"Belgium","1965","1965-05-23",8,0,1,0,0,0,0,0,0,0,0,0,34.45,2.23,1,1,3,3,1.12592594358656,1.12592594358656,1.12592594358656,"Belgium1965"
"71",71,"Belgium","1968","1968-03-31",8,0,1,0,0,0,0,0,0,0,0,0,20.9,31.7,1,1,2,2,0.497417138194483,0.766711852945543,0.632064495570013,"Belgium1968"
"72",72,"Belgium","1971","1971-11-07",10,0,1,0,0.230769230769231,0,0,0,0,0,0,0,1.3,16.44,1,1,3,3,1.85511107932197,2.00527486439755,1.93019297185976,"Belgium1971"
"73",73,"Belgium","1974","1974-03-10",10,1,1,0.230769230769231,0,0,0,0,0,0,0,1.3,0.3,0,0,0,0,0,0,0,0,"Belgium1974"
"74",74,"Belgium","1977","1977-04-17",9,0,1,0,0,0,0,0,2.5,2.5,2.5,0,27,0,0,0,0,0,0,0,0,"Belgium1977"
"75",75,"Belgium","1978","1978-12-17",12,0,0,0,0,0,0,0,0,0,0,0,0,27.7,1,1,4,4,1.75410068033267,4.66216060116417,3.17140206071461,"Belgium1978"
"76",76,"Belgium","1981","1981-11-08",15,0,1,0,0.225481481481481,0,0,0,2.57530864786219,4.2,1.12592594358656,0,7.57,5.47,1,1,3,2,2.35897661283467,2.42384990694927,2.39141325989197,"Belgium1981"
"77",77,"Belgium","1985","1985-10-13",13,1,1,0.450962962962963,0,2.66296297179328,4.2,1.12592594358656,4.2,4.2,4.2,5.2,1.15,0,0,0,0,0,0,0,0,"Belgium1985"
"78",78,"Belgium","1987","1987-12-13",12,0,1,0,0,0,0,0,3.6,3.6,3.6,0,0.83,0,0,0,0,0,0,0,0,"Belgium1987"
"79",79,"Belgium","1991","1991-11-24",14,0,1,0,0,0,0,0,1.49051851145426,1.85511107932197,1.12592594358656,0,12.8,3.2,1,1,1,1,0,0,0,"Belgium1991"
"80",80,"Belgium","1995","1995-05-21",12,0,1,0,0,0,0,0,0,0,0,0,0.6,0,0,0,0,0,0,0,0,"Belgium1995"
"81",81,"Belgium","1999","1999-06-13",12,0,1,0,0.110362861118344,0,0,0,1.73300173038163,2.42384990694927,0.766711852945543,0,55.73,2.1,1,0,1,0,0,0,0,"Belgium1999"
"82",82,"Belgium","2003","2003-05-18",11,1,1,0.386270013914202,0,2.39141325989197,2.42384990694927,2.35897661283467,1.17054613620542,1.5321491599873,0.808943112423539,14.29,16.31,42.62,1,1,4,4,0.808943112423539,1.74503990938789,1.4437611026585,"Belgium2003"
"83",83,"Belgium","2007","2007-06-10",12,0,1,0,0,0,0,0,4.65497087177478,4.65497087177478,4.65497087177478,0,2,22.53,1,1,2,2,0,0,0,"Belgium2007"
"84",84,"Belgium","2010","2010-06-13",13,0,-Inf,0,0,0,0,0,0,0,0,0,0,1.29,1,1,1,1,0,0,0,"Belgium2010"
"85",85,"Bulgaria","1991","1991-10-13",9,0,1,0,0,0,0,0,0,0,0,0,6.39,NA,NA,NA,NA,NA,0.417208946629573,1.99362043748822,1.28129189480118,"Bulgaria1991"
"86",86,"Bulgaria","1994","1994-12-18",5,0,1,0,0,0,0,0,1.99362043748822,1.99362043748822,1.99362043748822,0,43.5,0,0,0,0,0,0,0,0,"Bulgaria1994"
"87",87,"Bulgaria","1997","1997-04-19",7,0,1,0,0.0696517412935323,0,0,0,1.87770517386423,1.99362043748822,1.67836267348618,0,85.88,6.62,1,1,2,1,0,0,0,"Bulgaria1997"
"88",88,"Bulgaria","2001","2001-06-18",7,1,1,0.348258706467662,0.105769230769231,1.96113241061829,1.96113241061829,1.96113241061829,1.7123072947675,1.96113241061829,1.31578947368421,52.26,26.97,51.47,1,1,4,1,0.756746487533842,1.86,1.31084532040602,"Bulgaria2001"
"89",89,"Bulgaria","2005","2005-06-25",7,1,1,0.423076923076923,0.065938864628821,1.96113241061829,1.96113241061829,1.96113241061829,0.778373243766921,0.8,0.756746487533842,18.2,28.1,14.6,1,1,2,2,0.46,2.85,1.655,"Bulgaria2005"
"90",90,"Bulgaria","2009","2009-07-05",8,1,-Inf,0.131877729257642,0,0.756746487533842,0.756746487533842,0.756746487533842,0,0,0,22.9,0,47.11,1,1,3,2,0,0,0,"Bulgaria2009"
"91",91,"Canada","1945","1945-06-11",7,0,1,0,0.0213647959183673,0,0,0,2.54003434023197,2.54003434023197,2.54003434023197,0,21.5,NA,NA,NA,NA,NA,0.0552042145013427,2.8,1.77661490347418,"Canada1945"
"92",92,"Canada","1949","1949-06-27",4,1,0,0.0854591836734694,0,2.54003434023197,2.54003434023197,2.54003434023197,0,0,0,15.68,0,0,0,0,0,0,0,0,0,"Canada1949"
"93",93,"Canada","1953","1953-08-10",4,0,0,0,0,0,0,0,0,0,0,0,0,0,0,0,0,0,0,0,0,"Canada1953"
"94",94,"Canada","1957","1957-06-10",4,0,1,0,0,0,0,0,2.8,2.8,2.8,0,6.62,0,0,0,0,0,0,0,0,"Canada1957"
"95",95,"Canada","1958","1958-03-31",4,0,0,0,0,0,0,0,0,0,0,0,0,0.16,1,1,1,1,0,0,0,"Canada1958"
"96",96,"Canada","1962","1962-06-18",5,0,1,0,0,0,0,0,0,0,0,0,0.2,0,0,0,0,0,0,0,0,"Canada1962"
"97",97,"Canada","1963","1963-04-08",4,0,1,0,0.307046979865772,0,0,0,2.8,2.8,2.8,0,11.92,0,0,0,0,0,0,0,0,"Canada1963"
"98",98,"Canada","1965","1965-11-08",5,1,1,0.307046979865772,0,2.8,2.8,2.8,2.8,2.8,2.8,11.92,3.66,4.66,1,1,1,1,0,0,0,"Canada1965"
"99",99,"Canada","1968","1968-06-25",4,0,1,0,0,0,0,0,0,0,0,0,4.44,0,0,0,0,0,0,0,0,"Canada1968"
"100",100,"Canada","1972","1972-10-30",4,0,0,0,0,0,0,0,0,0,0,0,0,0,0,0,0,0,0,0,0,"Canada1972"
"101",101,"Canada","1974","1974-07-08",4,0,0,0,0,0,0,0,0,0,0,0,0,0,0,0,0,0,0,0,0,"Canada1974"
"102",102,"Canada","1979","1979-05-22",4,0,1,0,0,0,0,0,2.8,2.8,2.8,0,4.61,0,0,0,0,0,0,0,0,"Canada1979"
"103",103,"Canada","1980","1980-02-18",3,0,0,0,0,0,0,0,0,0,0,0,0,0,0,0,0,0,0,0,0,"Canada1980"
"104",104,"Canada","1984","1984-09-04",3,0,0,0,0,0,0,0,0,0,0,0,0,0,0,0,0,0,0,0,0,"Canada1984"
"105",105,"Canada","1988","1988-11-21",3,0,1,0,0.357366658344802,0,0,0,2.12562769969769,2.54003434023197,1.7112210591634,0,62.89,0,0,0,0,0,0,0,0,"Canada1988"
"106",106,"Canada","1993","1993-10-25",5,1,0,0.357366658344802,0,2.12562769969769,2.54003434023197,1.7112210591634,0,0,0,62.89,0,32.23,1,1,2,2,1.97845807549549,3.88888888888889,2.93367348219219,"Canada1993"
"107",107,"Canada","1997","1997-06-02",5,0,1,0,0,0,0,0,3.88888888888889,3.88888888888889,3.88888888888889,0,19.35,0,0,0,0,0,0,0,0,"Canada1997"
"108",108,"Canada","2000","2000-11-27",5,0,0,0,0,0,0,0,0,0,0,0,0,25.49,1,1,1,1,3.66076118067689,3.66076118067689,3.66076118067689,"Canada2000"
"109",109,"Canada","2004","2004-06-28",5,0,0,0,0,0,0,0,0,0,0,0,0,4.3,1,0,1,0,3.09824567092093,3.09824567092093,3.09824567092093,"Canada2004"
"110",110,"Canada","2006","2006-01-23",5,0,0,0,0,0,0,0,0,0,0,0,0,0,0,0,0,0,0,0,0,"Canada2006"
"111",111,"Canada","2008","2008-10-14",5,0,0,0,0,0,0,0,0,0,0,0,0,0,0,0,0,0,0,0,0,"Canada2008"
"112",112,"Canada","2011","2011-05-02",5,0,-Inf,0,0,0,0,0,0,0,0,0,0,0,0,0,0,0,0,0,0,"Canada2011"
"113",113,"Cyprus","1976","1976-09-05",5,0,1,0,0,0,0,0,0,0,0,0,71.2,NA,NA,NA,NA,NA,0.131578947368421,3.94736842105263,2.36842105263158,"Cyprus1976"
"114",114,"Cyprus","1981","1981-05-24",7,0,1,0,0,0,0,0,0,0,0,0,7.4,7.4,1,0,3,0,0,0,0,"Cyprus1981"
"115",115,"Cyprus","1985","1985-12-08",4,0,0,0,0,0,0,0,0,0,0,0,0,0,0,0,0,0,0,0,0,"Cyprus1985"
"116",116,"Cyprus","1991","1991-05-19",5,0,0,0,0,0,0,0,0,0,0,0,0,2.4,1,0,1,0,0,0,0,"Cyprus1991"
"117",117,"Cyprus","1996","1996-05-26",8,0,1,0,0,0,0,0,0,0,0,0,1.4,6.4,1,1,3,1,0.789473684210527,4.3421052631579,2.41228070175439,"Cyprus1996"
"118",118,"Cyprus","2001","2001-05-27",8,0,1,0,0,0,0,0,3.55263157894737,4.3421052631579,2.76315789473684,0,5.2,2.2,1,1,1,1,2.76315789473684,2.76315789473684,2.76315789473684,"Cyprus2001"
"119",119,"Cyprus","2006","2006-05-21",8,0,1,0,0,0,0,0,2.10526315789474,2.10526315789474,2.10526315789474,0,2.78,6.97,1,1,2,1,0,0,0,"Cyprus2006"
"120",120,"Cyprus","2011","2011-05-22",7,0,1,0,0,0,0,0,2.05263157894737,3.94736842105263,0.131578947368421,0,98.81,1.08,1,0,1,0,0,0,0,"Cyprus2011"
"121",121,"Czech Republic","1990","1990-06-09",10,0,1,0,0,0,0,0,0.877017527128521,0.877017527128521,0.877017527128521,0,74.67,NA,NA,NA,NA,NA,0.809897716589136,4.77777777777778,2.10460161097565,"Czech Republic1990"
"122",122,"Czech Republic","1992","1992-06-06",9,0,1,0,0,0,0,0,0.833333333333333,0.833333333333333,0.833333333333333,0,10.49,54.19,1,1,4,3,0.833333333333333,4.25019006545084,2.38959064501768,"Czech Republic1992"
"123",123,"Czech Republic","1996","1996-06-01",9,0,1,0,0.1625,0,0,0,3.44444444444444,4.77777777777778,2.11111111111111,0,16.5,5.9,1,0,2,0,0,0,0,"Czech Republic1996"
"124",124,"Czech Republic","1998","1998-06-20",8,1,1,0.4875,0,4.77777777777778,4.77777777777778,4.77777777777778,4.77777777777778,4.77777777777778,4.77777777777778,8,8.4,8.6,1,1,1,1,2.22040930095471,2.22040930095471,2.22040930095471,"Czech Republic1998"
"125",125,"Czech Republic","2002","2002-06-15",9,0,1,0,0,0,0,0,1.52982435728374,2.54385948181153,0.515789232755947,0,18.1,3.8,1,0,2,0,0.515789232755947,2.54385948181153,1.52982435728374,"Czech Republic2002"
"126",126,"Czech Republic","2006","2006-06-03",6,0,1,0,0.193650793650794,0,0,0,1.54871341404162,2.22040930095471,0.877017527128521,0,6.6,0,0,0,0,0,0,0,0,"Czech Republic2006"
"127",127,"Czech Republic","2010","2010-05-29",10,1,-Inf,0.387301587301587,0,0.877017527128521,0.877017527128521,0.877017527128521,0,0,0,6.3,0,36.72,1,1,5,2,0,0,0,"Czech Republic2010"
"128",128,"Denmark","1945","1945-10-30",8,0,1,0,0.387096774193548,0,0,0,0,0,0,0,3.1,NA,NA,NA,NA,NA,0.126399727908724,4,1.9671694962165,"Denmark1945"
"129",129,"Denmark","1947","1947-10-28",9,1,1,0.387096774193548,0,0,0,0,0,0,0,3.1,3.4,2.2,1,1,1,1,0,0,0,"Denmark1947"
"130",130,"Denmark","1950","1950-09-05",8,0,1,0,0,0,0,0,0,0,0,0,0.3,0.3,1,0,1,0,0,0,0,"Denmark1950"
"131",131,"Denmark","1953","1953-04-21",8,0,1,0,0,0,0,0,0,0,0,0,0.8,0,0,0,0,0,0,0,0,"Denmark1953"
"132",132,"Denmark","1953","1953-09-22",9,0,0,0,0,0,0,0,0,0,0,0,0,2.7,1,0,1,0,0,0,0,"Denmark1953.5"
"133",133,"Denmark","1957","1957-05-14",9,0,1,0,0.38496652465003,0,0,0,4,4,4,0,8.4,0,0,0,0,0,0,0,0,"Denmark1957"
"134",134,"Denmark","1960","1960-11-15",10,1,1,0.38496652465003,0,4,4,4,0,0,0,8.4,0.4,6.1,1,1,1,1,2.86528243591911,2.86528243591911,2.86528243591911,"Denmark1960"
"135",135,"Denmark","1964","1964-09-22",9,0,1,0,0,0,0,0,4,4,4,0,2.5,0,0,0,0,0,0,0,0,"Denmark1964"
"136",136,"Denmark","1966","1966-11-22",8,0,1,0,0,0,0,0,0,0,0,0,1.6,2.5,1,1,1,1,0,0,0,"Denmark1966"
"137",137,"Denmark","1968","1968-01-23",9,0,1,0,0,0,0,0,0,0,0,0,1.3,2,1,1,1,1,4.2,4.2,4.2,"Denmark1968"
"138",138,"Denmark","1971","1971-09-21",10,0,0,0,0,0,0,0,0,0,0,0,0,2,1,0,1,0,0.698235894504347,0.698235894504347,0.698235894504347,"Denmark1971"
"139",139,"Denmark","1973","1973-12-04",14,0,1,0,0.141025641025641,0,0,0,0.560912791330213,0.560912791330213,0.560912791330213,0,7.8,23.7,1,1,2,2,0.560912791330213,4.02592897331506,2.29342088232263,"Denmark1973"
"140",140,"Denmark","1975","1975-01-09",13,1,0,0.282051282051282,0,0.560912791330213,0.560912791330213,0.560912791330213,0,0,0,7.8,0,0,0,0,0,0,0,0,0,"Denmark1975"
"141",141,"Denmark","1977","1977-02-15",13,0,1,0,0,0,0,0,0,0,0,0,0,0,0,0,0,0,0,0,0,"Denmark1977"
"142",142,"Denmark","1979","1979-10-23",12,0,0,0,0,0,0,0,0,0,0,0,0,0,0,0,0,0,0,0,0,"Denmark1979"
"143",143,"Denmark","1981","1981-12-08",12,0,1,0,0.202247191011236,0,0,0,4.01296448665753,4.02592897331506,4,0,10,0,0,0,0,0,0,0,0,"Denmark1981"
"144",144,"Denmark","1984","1984-01-10",11,1,1,0.404494382022472,0,4.02592897331506,4.02592897331506,4.02592897331506,0,0,0,8.9,1.5,0,0,0,0,0,0,0,0,"Denmark1984"
"145",145,"Denmark","1987","1987-09-08",12,0,1,0,0,0,0,0,4.2,4.2,4.2,0,1.4,3.5,1,1,2,1,3.88888888888889,3.88888888888889,3.88888888888889,"Denmark1987"
"146",146,"Denmark","1988","1988-05-10",11,0,1,0,0,0,0,0,3.88888888888889,3.88888888888889,3.88888888888889,0,1.4,0,0,0,0,0,0,0,0,"Denmark1988"
"147",147,"Denmark","1990","1990-12-12",11,0,1,0,0,0,0,0,0,0,0,0,1.8,1.7,1,0,1,0,4.1087719348439,4.1087719348439,4.1087719348439,"Denmark1990"
"148",148,"Denmark","1994","1994-09-21",10,0,1,0,0.375,0,0,0,4.02592897331506,4.02592897331506,4.02592897331506,0,6.4,0,0,0,0,0,0,0,0,"Denmark1994"
"149",149,"Denmark","1998","1998-03-11",11,1,1,0.375,0.125,4.02592897331506,4.02592897331506,4.02592897331506,2.29342088232263,4.02592897331506,0.560912791330213,6.4,6.7,7.4,1,1,1,1,3.22687673418146,3.22687673418146,3.22687673418146,"Denmark1998"
"150",150,"Denmark","2001","2001-11-20",10,1,1,0.25,0,4.02592897331506,4.02592897331506,4.02592897331506,4.02592897331506,4.02592897331506,4.02592897331506,2.4,0.6,0,0,0,0,0,0,0,0,"Denmark2001"
"151",151,"Denmark","2005","2005-02-08",10,0,1,0,0,0,0,0,0.560912791330213,0.560912791330213,0.560912791330213,0,1,0,0,0,0,0,0,0,0,"Denmark2005"
"152",152,"Denmark","2007","2007-11-13",10,0,1,0,0.234615384615385,0,0,0,2.21856357922099,2.21856357922099,2.21856357922099,0,10.4,2.8,1,1,1,1,0,0,0,"Denmark2007"
"153",153,"Denmark","2011","2011-09-15",13,1,-Inf,0.469230769230769,0,2.21856357922099,2.21856357922099,2.21856357922099,0,0,0,10.4,0,0.82,1,1,4,4,0,0,0,"Denmark2011"
"154",154,"Estonia","1992","1992-09-20",12,0,1,0,0,0,0,0,2.22222222222222,3.33333333333333,0.555555555555555,0,77,NA,NA,NA,NA,NA,0.555555555555555,3.33333333333333,2.02025698144202,"Estonia1992"
"155",155,"Estonia","1995","1995-03-05",11,0,1,0,0,0,0,0,2.22222222222222,2.22222222222222,2.22222222222222,0,53.06,79.81,1,1,8,5,1.04377617863884,2.89690908242387,2.05430249442831,"Estonia1995"
"156",156,"Estonia","1999","1999-03-07",8,0,1,0,0.254562437530294,0,0,0,2.29373086089047,2.97180453517981,0.808465536760772,0,45.51,13.4,1,1,2,2,2.97180453517981,3.88888888888889,3.43034671203435,"Estonia1999"
"157",157,"Estonia","2003","2003-03-02",7,1,1,0.424270729217157,0,2.1323818885947,2.97180453517981,0.808465536760772,2.97180453517981,2.97180453517981,2.97180453517981,37.43,2.2,24.6,1,1,1,1,3.49624031468442,3.49624031468442,3.49624031468442,"Estonia2003"
"158",158,"Estonia","2007","2007-03-04",6,0,1,0,0.295774647887324,0,0,0,0.418796920776368,0.418796920776368,0.418796920776368,0,7.1,0,0,0,0,0,0,0,0,"Estonia2007"
"159",159,"Estonia","2011","2011-03-06",6,1,-Inf,0.295774647887324,0,0.418796920776368,0.418796920776368,0.418796920776368,0,0,0,7.1,0,0,0,0,0,0,0,0,0,"Estonia2011"
"160",160,"Finland","1927","1927-07-01",6,0,0,0,0,0,0,0,0,0,0,0,0,NA,NA,NA,NA,NA,0.716666666666667,2.24505672702083,1.31909268622742,"Finland1927"
"161",161,"Finland","1929","1929-07-01",7,0,1,0,0.0740740740740741,0,0,0,0,0,0,0,13.5,1.1,1,0,1,0,0,0,0,"Finland1929"
"162",162,"Finland","1930","1930-10-01",7,1,1,0.0740740740740741,0,0,0,0,0,0,0,13.5,1,0,0,0,0,0,0,0,0,"Finland1930"
"163",163,"Finland","1933","1933-07-01",8,0,1,0,0,0,0,0,0,0,0,0,16.9,16.9,1,1,2,1,0,0,0,"Finland1933"
"164",164,"Finland","1936","1936-07-01",7,0,1,0,0,0,0,0,0,0,0,0,2,0,0,0,0,0,0,0,0,"Finland1936"
"165",165,"Finland","1939","1939-07-01",6,0,1,0,0,0,0,0,0,0,0,0,6.6,0,0,0,0,0,0,0,0,"Finland1939"
"166",166,"Finland","1945","1945-03-18",8,0,1,0,0.120833333333333,0,0,0,1.63307021358557,1.63307021358557,1.63307021358557,0,1.7,25.2,1,1,3,2,1.63307021358557,2.8725,2.25278510679278,"Finland1945"
"167",167,"Finland","1948","1948-07-02",8,1,1,0.241666666666667,0,1.63307021358557,1.63307021358557,1.63307021358557,1.63307021358557,1.63307021358557,1.63307021358557,1.2,0.29,0.4,1,1,1,1,0,0,0,"Finland1948"
"168",168,"Finland","1951","1951-07-03",8,0,0,0,0,0,0,0,0,0,0,0,0,0.3,1,0,1,0,0,0,0,"Finland1951"
"169",169,"Finland","1954","1954-03-08",8,0,0,0,0,0,0,0,0,0,0,0,0,0,0,0,0,0,0,0,0,"Finland1954"
"170",170,"Finland","1958","1958-07-07",9,0,0,0,0,0,0,0,0,0,0,0,0,1.7,1,1,1,1,0,0,0,"Finland1958"
"171",171,"Finland","1962","1962-02-05",10,0,1,0,0.227272727272727,0,0,0,1.63307021358557,1.63307021358557,1.63307021358557,0,2.72,0,0,0,0,0,0,0,0,"Finland1962"
"172",172,"Finland","1966","1966-03-21",10,1,0,0.454545454545455,0,1.63307021358557,1.63307021358557,1.63307021358557,0,0,0,2.2,0,0.45,1,0,1,0,2.18841393885324,2.18841393885324,2.18841393885324,"Finland1966"
"173",173,"Finland","1970","1970-03-16",10,0,0,0,0,0,0,0,0,0,0,0,0,0,0,0,0,0,0,0,0,"Finland1970"
"174",174,"Finland","1972","1972-01-03",10,0,1,0,0.196506550218341,0,0,0,1.63307021358557,1.63307021358557,1.63307021358557,0,10.16,0,0,0,0,0,0,0,0,"Finland1972"
"175",175,"Finland","1975","1975-09-22",11,1,1,0.393013100436681,0,1.63307021358557,1.63307021358557,1.63307021358557,0,0,0,9.16,1.7,3.3,1,1,2,2,0,0,0,"Finland1975"
"176",176,"Finland","1979","1979-03-13",10,0,1,0,0.166666666666667,0,0,0,0.716666666666667,0.716666666666667,0.716666666666667,0,4.9,0,0,0,0,0,0,0,0,"Finland1979"
"177",177,"Finland","1983","1983-03-21",11,1,1,0.333333333333333,0,0,0,0,0,0,0,1.2,0.48,1.4,1,1,1,1,1.35352792174356,1.35352792174356,1.35352792174356,"Finland1983"
"178",178,"Finland","1987","1987-03-16",12,0,1,0,0,0,0,0,0,0,0,0,5.4,5.4,1,1,2,1,0,0,0,"Finland1987"
"179",179,"Finland","1991","1991-03-17",11,0,1,0,0.0902777777777778,0,0,0,1.17486844012612,1.63307021358557,0.716666666666667,0,6.07,0.47,1,0,1,0,0,0,0,"Finland1991"
"180",180,"Finland","1995","1995-03-19",12,1,1,0.270833333333333,0.119047619047619,1.63307021358557,1.63307021358557,1.63307021358557,0.25,0.25,0.25,4.8,4.11,4.11,1,1,3,2,0.25,0.25,0.25,"Finland1995"
"181",181,"Finland","1999","1999-03-21",11,1,1,0.357142857142857,0,0,0,0,1.59999990463257,1.59999990463257,1.59999990463257,2.8,2.1,1.1,1,1,1,1,1.59999990463257,1.59999990463257,1.59999990463257,"Finland1999"
"182",182,"Finland","2003","2003-03-16",10,0,0,0,0,0,0,0,0,0,0,0,0,0,0,0,0,0,0,0,0,"Finland2003"
"183",183,"Finland","2007","2007-03-18",10,0,1,0,0,0,0,0,0,0,0,0,0.7,0,0,0,0,0,0,0,0,"Finland2007"
"184",184,"Finland","2011","2011-04-17",9,0,-Inf,0,0,0,0,0,0,0,0,0,0,0,0,0,0,0,0,0,0,"Finland2011"
"185",185,"France","1945","1945-10-21",6,0,0,0,0,0,0,0,0,0,0,0,0,NA,NA,NA,NA,NA,1.01035719394684,3.62593651474847,2.46815477079815,"France1945"
"186",186,"France","1946","1946-06-02",7,0,1,0,0,0,0,0,2.65833330154419,2.65833330154419,2.65833330154419,0,12.8,0,0,0,0,0,0,0,0,"France1946"
"187",187,"France","1946","1946-11-10",6,0,1,0,0.480769230769231,0,0,0,3.2,3.2,3.2,0,26,1.6,1,1,1,1,3.2,3.2,3.2,"France1946.5"
"188",188,"France","1951","1951-06-17",6,1,1,0.480769230769231,0.177272727272727,3.2,3.2,3.2,3.2,3.2,3.2,26,22,0,0,0,0,0,0,0,0,"France1951"
"189",189,"France","1956","1956-01-02",7,1,1,0.177272727272727,0,3.2,3.2,3.2,0,0,0,22,12.3,12.3,1,1,1,1,0,0,0,"France1956"
"190",190,"France","1958","1958-11-23",6,0,0,0,0,0,0,0,0,0,0,0,0,0,0,0,0,0,0,0,0,"France1958"
"191",191,"France","1962","1962-11-18",8,0,1,0,0.275,0,0,0,2.56357146263123,2.56357146263123,2.56357146263123,0,12,2.7,1,1,2,2,2.05772491313793,2.05772491313793,2.05772491313793,"France1962"
"192",192,"France","1967","1967-03-05",8,1,1,0.275,0,2.56357146263123,2.56357146263123,2.56357146263123,0,0,0,12,0.6,0,0,0,0,0,0,0,0,"France1967"
"193",193,"France","1968","1968-06-23",7,0,1,0,0,0,0,0,0.865972222222222,1.01035719394684,0.721587250497607,0,16.7,0,0,0,0,0,0,0,0,"France1968"
"194",194,"France","1973","1973-03-04",9,0,1,0,0,0,0,0,1.74919309898659,3.2,0.869523741404216,0,50,18.3,1,1,3,3,0.869523741404216,0.91869052728017,0.885912670029534,"France1973"
"195",195,"France","1978","1978-03-12",6,0,0,0,0,0,0,0,0,0,0,0,0,23,1,1,1,1,2.49974605899387,2.49974605899387,2.49974605899387,"France1978"
"196",196,"France","1981","1981-06-14",6,0,0,0,0,0,0,0,0,0,0,0,0,0,0,0,0,0,0,0,0,"France1981"
"197",197,"France","1986","1986-03-16",7,0,0,0,0,0,0,0,0,0,0,0,0,9.8,1,1,1,1,4.685428565979,4.685428565979,4.685428565979,"France1986"
"198",198,"France","1988","1988-06-05",7,0,1,0,0,0,0,0,2.56357146263123,2.56357146263123,2.56357146263123,0,2.7,0,0,0,0,0,0,0,0,"France1988"
"199",199,"France","1993","1993-03-21",8,0,1,0,0,0,0,0,0.91869052728017,0.91869052728017,0.91869052728017,0,1.8,1.1,1,1,1,1,0,0,0,"France1993"
"200",200,"France","1997","1997-05-25",9,0,1,0,0.205199958771387,0,0,0,2.02958729023404,3.62593651474847,1.10171424484253,0,30.4,6.3,1,1,2,1,1.36111111111111,1.84498414060805,1.60304762585958,"France1997"
"201",201,"France","2002","2002-06-09",8,1,1,0.410399917542775,0.141141141141141,2.3638253797955,3.62593651474847,1.10171424484253,2.98642857869466,4.685428565979,1.10171424484253,24.6,17.09,0,0,0,0,0,0,0,0,"France2002"
"202",202,"France","2007","2007-06-10",10,1,1,0.423423423423423,0.359094427244582,4.685428565979,4.685428565979,4.685428565979,0.91869052728017,0.91869052728017,0.91869052728017,11.1,11,1.6,1,1,1,1,0,0,0,"France2007"
"203",203,"France","2012","2012-06-10",14,1,-Inf,0.359094427244582,0,0.91869052728017,0.91869052728017,0.91869052728017,0,0,0,11,0,1.35,1,1,3,3,0,0,0,"France2012"
"204",204,"German Democratic Republic","1990","1990-03-18",20,0,1,0,0,0,0,0,0,0,0,0,58.8,NA,NA,NA,NA,NA,0,0,0,"German Democratic Republic1990"
"205",205,"Germany","1949","1949-08-14",11,0,1,0,0.209758266634328,0,0,0,3.6,3.6,3.6,0,16.2,NA,NA,NA,NA,NA,0.923316238321524,3.6,1.88312863957812,"Germany1949"
"206",206,"Germany","1953","1953-09-06",11,1,1,0.349597111057213,0,3.6,3.6,3.6,3.6,3.6,3.6,13,5.9,7.1,1,1,2,1,0,0,0,"Germany1953"
"207",207,"Germany","1957","1957-09-15",7,0,1,0,0,0,0,0,0,0,0,0,9,0,0,0,0,0,0,0,0,"Germany1957"
"208",208,"Germany","1961","1961-09-17",6,0,1,0,0,0,0,0,0,0,0,0,2.8,4.7,1,0,2,0,0,0,0,"Germany1961"
"209",209,"Germany","1965","1965-09-19",6,0,1,0,0,0,0,0,0,0,0,0,1.3,2,1,0,1,0,4.82456106888621,4.82456106888621,4.82456106888621,"Germany1965"
"210",210,"Germany","1969","1969-09-28",5,0,1,0,0,0,0,0,4.82456106888621,4.82456106888621,4.82456106888621,0,4.3,0,0,0,0,0,0,0,0,"Germany1969"
"211",211,"Germany","1972","1972-11-19",4,0,0,0,0,0,0,0,0,0,0,0,0,0,0,0,0,0,0,0,0,"Germany1972"
"212",212,"Germany","1976","1976-10-03",4,0,0,0,0,0,0,0,0,0,0,0,0,0,0,0,0,0,0,0,0,"Germany1976"
"213",213,"Germany","1980","1980-10-05",5,0,0,0,0,0,0,0,0,0,0,0,0,1.5,1,0,1,0,2.06917642719797,2.06917642719797,2.06917642719797,"Germany1980"
"214",214,"Germany","1983","1983-03-06",5,0,0,0,0,0,0,0,0,0,0,0,0,0,0,0,0,0,0,0,0,"Germany1983"
"215",215,"Germany","1987","1987-01-25",5,0,1,0,0.457831325301205,0,0,0,2.06917642719797,2.06917642719797,2.06917642719797,0,8.3,0,0,0,0,0,0,0,0,"Germany1987"
"216",216,"Germany","1990","1990-12-02",8,1,1,0.457831325301205,0,2.06917642719797,2.06917642719797,2.06917642719797,2.06917642719797,2.06917642719797,2.06917642719797,8.3,3.8,5.7,1,1,3,2,2.06917642719797,4.27516599101165,3.37638032833518,"Germany1990"
"217",217,"Germany","1994","1994-10-16",7,0,0,0,0,0,0,0,0,0,0,0,0,0,0,0,0,0,0,0,0,"Germany1994"
"218",218,"Germany","1998","1998-09-27",8,0,1,0,0,0,0,0,4.50036505974292,4.72556412847419,4.27516599101165,0,3,1.2,1,0,1,0,4.72556412847419,4.72556412847419,4.72556412847419,"Germany1998"
"219",219,"Germany","2002","2002-09-22",6,0,1,0,0,0,0,0,3.78479856679593,3.78479856679593,3.78479856679593,0,4,0,0,0,0,0,0,0,0,"Germany2002"
"220",220,"Germany","2005","2005-09-18",7,0,0,0,0,0,0,0,0,0,0,0,0,8.7,1,1,1,1,3.78479856679593,3.78479856679593,3.78479856679593,"Germany2005"
"221",221,"Germany","2009","2009-09-27",8,0,-Inf,0,0,0,0,0,0,0,0,0,0,2,1,0,1,0,0,0,0,"Germany2009"
"222",222,"Greece","1974","1974-11-17",6,0,0,0,0,0,0,0,0,0,0,0,0,NA,NA,NA,NA,NA,0.503223684210527,3.74704885940803,1.99558271953934,"Greece1974"
"223",223,"Greece","1977","1977-11-20",8,0,1,0,0,0,0,0,0,0,0,0,22.62,7.9,1,1,2,2,0,0,0,"Greece1977"
"224",224,"Greece","1981","1981-10-18",3,0,0,0,0,0,0,0,0,0,0,0,0,0,0,0,0,0,0,0,0,"Greece1981"
"225",225,"Greece","1985","1985-06-02",4,0,1,0,0,0,0,0,3.74704885940803,3.74704885940803,3.74704885940803,0,11.7,0,0,0,0,0,0,0,0,"Greece1985"
"226",226,"Greece","1989","1989-06-18",5,0,1,0,0,0,0,0,0,0,0,0,1,14.5,1,1,3,3,2.23167292381588,2.23167292381588,2.23167292381588,"Greece1989"
"227",227,"Greece","1989","1989-11-05",5,0,0,0,0,0,0,0,0,0,0,0,0,0.6,1,1,1,1,0,0,0,"Greece1989.5"
"228",228,"Greece","1990","1990-04-08",7,0,1,0,0,0,0,0,2.23167292381588,2.23167292381588,2.23167292381588,0,12.5,0,0,0,0,0,0,0,0,"Greece1990"
"229",229,"Greece","1993","1993-10-10",4,0,1,0,0,0,0,0,2.57142877578735,2.57142877578735,2.57142877578735,0,4.9,4.9,1,1,1,1,2.57142877578735,2.57142877578735,2.57142877578735,"Greece1993"
"230",230,"Greece","1996","1996-09-22",5,0,1,0,0,0,0,0,2.7,2.7,2.7,0,4.4,4.4,1,1,1,1,2.7,2.7,2.7,"Greece1996"
"231",231,"Greece","2000","2000-04-09",4,0,0,0,0,0,0,0,0,0,0,0,0,0,0,0,0,0,0,0,0,"Greece2000"
"232",232,"Greece","2004","2004-03-07",6,0,1,0,0,0,0,0,2.46583646190794,2.7,2.23167292381588,0,1.8,0,0,0,0,0,0,0,0,"Greece2004"
"233",233,"Greece","2007","2007-09-16",5,0,0,0,0,0,0,0,0,0,0,0,0,3.8,1,1,1,1,4.11,4.11,4.11,"Greece2007"
"234",234,"Greece","2009","2009-10-04",6,0,1,0,0.300227790432802,0,0,0,0.503223684210527,0.503223684210527,0.503223684210527,0,43.9,0,0,0,0,0,0,0,0,"Greece2009"
"235",235,"Greece","2012","2012-05-06",13,1,1,0.300227790432802,0,0.503223684210527,0.503223684210527,0.503223684210527,0,0,0,43.9,8.48,31.39,1,1,7,3,0,0,0,"Greece2012"
"236",236,"Greece","2012","2012-06-17",9,0,-Inf,0,0,0,0,0,0,0,0,0,0,0,0,0,0,0,0,0,0,"Greece2012.5"
"237",237,"Hungary","1990","1990-04-08",12,0,1,0,0.157894736842105,0,0,0,1.4825730994152,1.4825730994152,1.4825730994152,0,32.7,NA,NA,NA,NA,NA,1.03407719506158,4.01862997980843,2.1007091263442,"Hungary1990"
"238",238,"Hungary","1994","1994-05-29",10,1,1,0.394736842105263,0.190734893983625,1.4825730994152,1.4825730994152,1.4825730994152,1.63888343149226,2.4,1.03407719506158,26.6,41.1,1.6,1,0,1,0,4.60646193253366,4.60646193253366,4.60646193253366,"Hungary1994"
"239",239,"Hungary","1998","1998-05-24",8,1,1,0.317891489972708,0,1.63888343149226,2.4,1.03407719506158,3.20931498990421,4.01862997980843,2.4,38.4,15.4,0,0,0,0,0,0,0,0,"Hungary1998"
"240",240,"Hungary","2002","2002-04-21",8,0,1,0,0,0,0,0,2.43588694421868,4.60646193253366,0.265311955903705,0,10.43,3.9,1,0,1,0,0.265311955903705,0.265311955903705,0.265311955903705,"Hungary2002"
"241",241,"Hungary","2006","2006-04-09",8,0,1,0,0.220689814814815,0,0,0,1.54745904115673,2.12572682899341,1.03407719506158,0,54.7,2.2,1,1,2,1,4.60646193253366,4.60646193253366,4.60646193253366,"Hungary2006"
"242",242,"Hungary","2010","2010-04-25",7,1,-Inf,0.44137962962963,0,1.80414996420431,2.12572682899341,1.4825730994152,0,0,0,48.2,0,7.48,1,1,1,1,0,0,0,"Hungary2010"
"243",243,"Iceland","1942","1942-10-18",5,0,1,0,0,0,0,0,0,0,0,0,2.15,NA,NA,NA,NA,NA,0.0365497076023393,2.48538011695906,1.02582846003899,"Iceland1942"
"244",244,"Iceland","1946","1946-06-30",4,0,0,0,0,0,0,0,0,0,0,0,0,0,0,0,0,0,0,0,0,"Iceland1946"
"245",245,"Iceland","1949","1949-10-24",4,0,0,0,0,0,0,0,0,0,0,0,0,0,0,0,0,0,0,0,0,"Iceland1949"
"246",246,"Iceland","1953","1953-06-28",6,0,1,0,0,0,0,0,0,0,0,0,25.3,9.3,1,1,2,1,0,0,0,"Iceland1953"
"247",247,"Iceland","1956","1956-06-24",4,0,0,0,0,0,0,0,0,0,0,0,0,19.2,1,1,1,1,2.77777777777778,2.77777777777778,2.77777777777778,"Iceland1956"
"248",248,"Iceland","1959","1959-06-28",4,0,0,0,0,0,0,0,0,0,0,0,0,0,0,0,0,0,0,0,0,"Iceland1959"
"249",249,"Iceland","1959","1959-10-25",4,0,0,0,0,0,0,0,0,0,0,0,0,0,0,0,0,0,0,0,0,"Iceland1959.5"
"250",250,"Iceland","1963","1963-06-09",4,0,0,0,0,0,0,0,0,0,0,0,0,0,0,0,0,0,0,0,0,"Iceland1963"
"251",251,"Iceland","1967","1967-06-11",6,0,1,0,0,0,0,0,0,0,0,0,1.1,4.8,1,1,2,1,0,0,0,"Iceland1967"
"252",252,"Iceland","1971","1971-06-13",5,0,0,0,0,0,0,0,0,0,0,0,0,0,0,0,0,0,0,0,0,"Iceland1971"
"253",253,"Iceland","1974","1974-06-30",5,0,1,0,0,0,0,0,0,0,0,0,4.6,0,0,0,0,0,0,0,0,"Iceland1974"
"254",254,"Iceland","1978","1978-06-25",4,0,0,0,0,0,0,0,0,0,0,0,0,0,0,0,0,0,0,0,0,"Iceland1978"
"255",255,"Iceland","1979","1979-12-02",4,0,0,0,0,0,0,0,0,0,0,0,0,0,0,0,0,0,0,0,0,"Iceland1979"
"256",256,"Iceland","1983","1983-04-23",6,0,1,0,0.0273972602739726,0,0,0,0,0,0,0,7.3,12.8,1,1,2,2,2.77777777777778,2.77777777777778,2.77777777777778,"Iceland1983"
"257",257,"Iceland","1987","1987-04-25",8,1,1,0.0273972602739726,0,0,0,0,0,0,0,7.3,12.3,12.1,1,1,2,2,0,0,0,"Iceland1987"
"258",258,"Iceland","1991","1991-04-20",5,0,0,0,0,0,0,0,0,0,0,0,0,0,0,0,0,0,0,0,0,"Iceland1991"
"259",259,"Iceland","1995","1995-04-08",6,0,1,0,0,0,0,0,0,0,0,0,7.2,7.2,1,1,1,1,0,0,0,"Iceland1995"
"260",260,"Iceland","1999","1999-05-08",5,0,0,0,0,0,0,0,0,0,0,0,0,13.3,1,1,2,2,1.22009578504058,3.81578947368421,2.51794262936239,"Iceland1999"
"261",261,"Iceland","2003","2003-05-10",5,0,0,0,0,0,0,0,0,0,0,0,0,0,0,0,0,0,0,0,0,"Iceland2003"
"262",262,"Iceland","2007","2007-05-12",5,0,1,0,0.301369863013699,0,0,0,1.22009578504058,1.22009578504058,1.22009578504058,0,7.3,0,0,0,0,0,0,0,0,"Iceland2007"
"263",263,"Iceland","2009","2009-04-25",6,1,-Inf,0.301369863013699,0,1.22009578504058,1.22009578504058,1.22009578504058,0,0,0,7.3,0,7.2,1,1,1,1,0,0,0,"Iceland2009"
"264",264,"Ireland","1944","1944-05-30",5,0,0,0,0,0,0,0,0,0,0,0,0,NA,NA,NA,NA,NA,1.07134670168335,1.43723824975087,1.29447560132518,"Ireland1944"
"265",265,"Ireland","1948","1948-02-04",6,0,1,0,0.154135338345865,0,0,0,0,0,0,0,13.3,13.3,1,1,1,1,0,0,0,"Ireland1948"
"266",266,"Ireland","1951","1951-05-30",5,1,0,0.308270676691729,0,0,0,0,0,0,0,13.3,0,0,0,0,0,0,0,0,0,"Ireland1951"
"267",267,"Ireland","1954","1954-04-18",5,0,0,0,0,0,0,0,0,0,0,0,0,0,0,0,0,0,0,0,0,"Ireland1954"
"268",268,"Ireland","1957","1957-03-05",7,0,1,0,0,0,0,0,2.39490547514798,2.58333333333333,2.20647761696263,0,5.3,0,0,0,0,0,0,0,0,"Ireland1957"
"269",269,"Ireland","1961","1961-10-04",6,0,1,0,0,0,0,0,0,0,0,0,2.5,1,1,1,1,1,0,0,0,"Ireland1961"
"270",270,"Ireland","1965","1965-04-07",4,0,1,0,0,0,0,0,0,0,0,0,0.75,0,0,0,0,0,0,0,0,"Ireland1965"
"271",271,"Ireland","1969","1969-06-16",3,0,0,0,0,0,0,0,0,0,0,0,0,0,0,0,0,0,0,0,0,"Ireland1969"
"272",272,"Ireland","1973","1973-02-28",3,0,0,0,0,0,0,0,0,0,0,0,0,0,0,0,0,0,0,0,0,"Ireland1973"
"273",273,"Ireland","1977","1977-06-16",3,0,0,0,0,0,0,0,0,0,0,0,0,0,0,0,0,0,0,0,0,"Ireland1977"
"274",274,"Ireland","1981","1981-06-11",6,0,1,0,0,0,0,0,0,0,0,0,3.4,5.1,1,1,3,3,3.2,3.2,3.2,"Ireland1981"
"275",275,"Ireland","1982","1982-02-18",4,0,0,0,0,0,0,0,0,0,0,0,0,0,0,0,0,0,0,0,0,"Ireland1982"
"276",276,"Ireland","1982","1982-11-24",4,0,0,0,0,0,0,0,0,0,0,0,0,0,0,0,0,0,0,0,0,"Ireland1982.5"
"277",277,"Ireland","1987","1987-02-17",6,0,1,0,0.458333333333333,0,0,0,3.01089163172315,3.01089163172315,3.01089163172315,0,12,12,1,1,1,1,3.01089163172315,3.01089163172315,3.01089163172315,"Ireland1987"
"278",278,"Ireland","1989","1989-06-15",7,1,1,0.458333333333333,0,3.01089163172315,3.01089163172315,3.01089163172315,3.2,3.2,3.2,12,5.6,1.5,1,1,1,1,2.56497161426042,2.56497161426042,2.56497161426042,"Ireland1989"
"279",279,"Ireland","1992","1992-11-25",6,0,0,0,0,0,0,0,0,0,0,0,0,2.8,1,1,1,1,3.11111111111111,3.11111111111111,3.11111111111111,"Ireland1992"
"280",280,"Ireland","1997","1997-06-06",8,0,1,0,0,0,0,0,3.11111111111111,3.11111111111111,3.11111111111111,0,2.5,0.7,1,1,1,1,3.66666662693024,3.66666662693024,3.66666662693024,"Ireland1997"
"281",281,"Ireland","2002","2002-05-15",7,0,1,0,0,0,0,0,3.66666662693024,3.66666662693024,3.66666662693024,0,0.8,0,0,0,0,0,0,0,0,"Ireland2002"
"282",282,"Ireland","2007","2007-05-24",6,0,1,0,0.267082651391162,0,0,0,2.21573664922231,3.01089163172315,1.07134670168335,0,49,0,0,0,0,0,0,0,0,"Ireland2007"
"283",283,"Ireland","2011","2011-02-25",7,1,-Inf,0.400623977086743,0,1.81815915797189,2.56497161426042,1.07134670168335,0,0,0,46.3,0,0,0,0,0,0,0,0,0,"Ireland2011"
"284",284,"Italy","1946","1946-06-02",16,0,1,0,0.0337837837837838,0,0,0,0,0,0,0,10.19,NA,NA,NA,NA,NA,0.0296296296296301,3.4,1.22370374185068,"Italy1946"
"285",285,"Italy","1948","1948-04-18",13,1,1,0.27027027027027,0,0,0,0,0.80000019073486,0.80000019073486,0.80000019073486,0.74,31.81,9.55,1,1,3,3,0.379444444444444,4.17777777777778,1.65240743919655,"Italy1948"
"286",286,"Italy","1953","1953-06-07",9,0,1,0,0.318840579710145,0,0,0,0,0,0,0,6.9,0,0,0,0,0,0,0,0,"Italy1953"
"287",287,"Italy","1958","1958-05-25",12,1,1,0.318840579710145,0,0,0,0,0,0,0,6.9,5.39,3.19,1,1,2,2,0,0,0,"Italy1958"
"288",288,"Italy","1963","1963-04-28",10,0,1,0,0,0,0,0,0,0,0,0,0.1,0,0,0,0,0,0,0,0,"Italy1963"
"289",289,"Italy","1968","1968-05-19",9,0,1,0,0.211111111111111,0,0,0,0,0,0,0,5.8,4.5,1,1,1,1,0,0,0,"Italy1968"
"290",290,"Italy","1972","1972-05-07",10,1,1,0.422222222222222,0.111111111111111,0,0,0,1.45,1.45,1.45,4.5,5.9,0,0,0,0,0,0,0,0,"Italy1972"
"291",291,"Italy","1976","1976-06-20",11,1,1,0.333333333333333,0,1.45,1.45,1.45,4.5,4.5,4.5,3.9,1.5,1.57,1,1,2,2,3.61666662693024,4.5,4.05833331346512,"Italy1976"
"292",292,"Italy","1979","1979-06-03",12,0,1,0,0,0,0,0,3.61666662693024,3.61666662693024,3.61666662693024,0,1.58,0.18,1,1,1,1,0,0,0,"Italy1979"
"293",293,"Italy","1983","1983-06-26",14,0,1,0,0,0,0,0,0,0,0,0,1.4,1.74,1,1,2,1,0,0,0,"Italy1983"
"294",294,"Italy","1987","1987-06-14",15,0,1,0,0.0769230769230769,0,0,0,2.58981290364405,4.5,0.80000019073486,0,34.32,2.98,1,1,2,2,3.22222222222222,3.22222222222222,3.22222222222222,"Italy1987"
"295",295,"Italy","1992","1992-04-05",16,1,1,0.461538461538462,0,1.02684210526316,1.02684210526316,1.02684210526316,1.33959259259259,4.17777777777778,0.0296296296296301,2.6,45.88,35.49,1,1,6,6,2.37233697924698,4.11514230472163,2.9789416262246,"Italy1992"
"296",296,"Italy","1994","1994-03-27",23,0,0,0,0,0,0,0,0,0,0,0,0,96.6,1,1,14,11,0,3.08711999039901,1.12662349487008,"Italy1994"
"297",297,"Italy","1996","1996-04-21",14,0,1,0,0,0,0,0,2.62754876210676,2.62754876210676,2.62754876210676,0,0.22,0,1,1,2,2,0.906666666666667,0.906666666666667,0.906666666666667,"Italy1996"
"298",298,"Italy","2001","2001-05-13",17,0,1,0,0,0,0,0,1.61015661523705,2.62754876210676,0.43,0,45.57,6.41,1,1,5,3,0.128791382103632,3.95765180738349,1.38179597727039,"Italy2001"
"299",299,"Italy","2006","2006-04-09",17,0,1,0,0,0,0,0,1.49376063703793,3.08711999039901,0.285,0,20.58,1.82,1,1,3,3,0.285,0.285,0.285,"Italy2006"
"300",300,"Italy","2008","2008-04-13",12,0,-Inf,0,0,0,0,0,0,0,0,0,0,2.41,1,1,3,2,0,0,0,"Italy2008"
"301",301,"Japan","1946","1946-04-10",5,0,0,0,0,0,0,0,0,0,0,0,0,NA,NA,NA,NA,NA,2.36560792922974,3.85201650530274,3.10881221726624,"Japan1946"
"302",302,"Japan","1947","1947-04-25",5,0,1,0,0.485714285714286,0,0,0,0,0,0,0,7,0,0,0,0,0,0,0,0,"Japan1947"
"303",303,"Japan","1949","1949-01-23",7,1,1,0.485714285714286,0.100850340136054,0,0,0,3.10881221726624,3.85201650530274,2.36560792922974,7,45.7,3.3,1,1,2,2,0,0,0,"Japan1949"
"304",304,"Japan","1952","1952-10-01",7,1,1,0.302551020408163,0,3.85201650530274,3.85201650530274,3.85201650530274,0,0,0,11.8,1.1,40.6,1,1,4,4,0,0,0,"Japan1952"
"305",305,"Japan","1953","1953-04-19",7,0,1,0,0,0,0,0,0,0,0,0,26.7,8.8,1,1,1,1,0,0,0,"Japan1953"
"306",306,"Japan","1955","1955-02-27",6,0,1,0,0,0,0,0,0,0,0,0,1,36.6,1,1,1,1,0,0,0,"Japan1955"
"307",307,"Japan","1958","1958-05-22",3,0,0,0,0,0,0,0,0,0,0,0,0,0,0,0,0,0,0,0,0,"Japan1958"
"308",308,"Japan","1960","1960-11-20",4,0,0,0,0,0,0,0,0,0,0,0,0,8.8,1,1,1,1,1.15555555555556,1.15555555555556,1.15555555555556,"Japan1960"
"309",309,"Japan","1963","1963-11-21",4,0,0,0,0,0,0,0,0,0,0,0,0,0,0,0,0,0,0,0,0,"Japan1963"
"310",310,"Japan","1967","1967-01-29",5,0,0,0,0,0,0,0,0,0,0,0,0,5.4,1,1,1,1,0.687053928040623,0.687053928040623,0.687053928040623,"Japan1967"
"311",311,"Japan","1969","1969-12-27",5,0,0,0,0,0,0,0,0,0,0,0,0,0,0,0,0,0,0,0,0,"Japan1969"
"312",312,"Japan","1972","1972-12-10",5,0,0,0,0,0,0,0,0,0,0,0,0,0,0,0,0,0,0,0,0,"Japan1972"
"313",313,"Japan","1976","1976-12-05",6,0,0,0,0,0,0,0,0,0,0,0,0,4.18,1,1,1,1,0,0,0,"Japan1976"
"314",314,"Japan","1979","1979-10-07",7,0,0,0,0,0,0,0,0,0,0,0,0,0.68,1,1,1,1,0,0,0,"Japan1979"
"315",315,"Japan","1980","1980-06-22",7,0,0,0,0,0,0,0,0,0,0,0,0,0,0,0,0,0,0,0,0,"Japan1980"
"316",316,"Japan","1983","1983-12-18",7,0,0,0,0,0,0,0,0,0,0,0,0,0,0,0,0,0,0,0,0,"Japan1983"
"317",317,"Japan","1986","1986-07-06",7,0,1,0,0,0,0,0,0,0,0,0,1.84,0,0,0,0,0,0,0,0,"Japan1986"
"318",318,"Japan","1990","1990-02-18",7,0,1,0,0,0,0,0,0,0,0,0,0.43,0.43,1,1,1,1,0,0,0,"Japan1990"
"319",319,"Japan","1993","1993-07-18",9,0,1,0,0.207536724994599,0,0,0,1.52633092863518,2.36560792922974,0.687053928040623,0,26.94,20.79,1,1,3,3,3.25555555555555,3.25555555555555,3.25555555555555,"Japan1993"
"320",320,"Japan","1996","1996-10-20",7,1,1,0.415073449989199,0,2.36560792922974,2.36560792922974,2.36560792922974,3.25555555555555,3.25555555555555,3.25555555555555,18.07,29.17,16.13,1,1,2,2,0.571687597977474,0.571687597977474,0.571687597977474,"Japan1996"
"321",321,"Japan","2000","2000-06-25",9,0,1,0,0,0,0,0,0,0,0,0,11.01,12.77,1,1,4,4,3.26754419427168,3.26754419427168,3.26754419427168,"Japan2000"
"322",322,"Japan","2003","2003-11-09",8,0,1,0,0,0,0,0,3.26754419427168,3.26754419427168,3.26754419427168,0,0,0,0,0,0,0,0,0,0,"Japan2003"
"323",323,"Japan","2005","2005-09-11",8,0,1,0,0.309917355371901,0,0,0,0,0,0,0,2.42,4.8,1,1,3,3,0,0,0,"Japan2005"
"324",324,"Japan","2009","2009-08-30",9,1,-Inf,0.309917355371901,0,0,0,0,0,0,0,2.42,0,4.27,1,1,1,1,0,0,0,"Japan2009"
"325",325,"Latvia","1990","1990-04-29",2,0,1,0,0.0192815249266862,0,0,0,0,0,0,0,89.7,NA,NA,NA,NA,NA,0,0,0,"Latvia1990"
"326",326,"Latvia","1993","1993-06-06",11,1,1,0.0385630498533724,0.247214191746392,0,0,0,2.15899122807018,3.75,0.625,68.2,68.21,77.1,1,1,8,7,0.625,3.75,2.15899122807018,"Latvia1993"
"327",327,"Latvia","1995","1995-10-01",18,1,1,0.370821287619588,0.0448836381459323,1.62865497076023,3.1359649122807,0.625,2.48464912280702,3.75,0.328947368421052,57.69,58.57,42.68,1,1,6,3,3.75,3.75,3.75,"Latvia1995"
"328",328,"Latvia","1998","1998-10-03",10,1,1,0.19449576529904,0.091438403805454,0,0,0,2.50657894736842,3.25877192982456,1.125,36.38,59.75,28.5,1,1,2,2,2.75438596491228,2.75438596491228,2.75438596491228,"Latvia1998"
"329",329,"Latvia","2002","2002-10-05",11,1,1,0.320034413319089,0.105789473684211,2.19188596491228,3.25877192982456,1.125,3.75,3.75,3.75,32.7,21.9,56.8,1,1,6,3,1.33771929824561,3.75,2.46345029239766,"Latvia2002"
"330",330,"Latvia","2006","2006-10-07",11,1,1,0.317368421052632,0.0406301824212272,3.75,3.75,3.75,2.85087719298246,3.75,2.30263157894737,19,30.74,4.83,1,0,3,0,0,0,0,"Latvia2006"
"331",331,"Latvia","2010","2010-10-02",6,1,1,0.243781094527363,0,3.75,3.75,3.75,3.75,3.75,3.75,6.03,1.47,31.9,1,1,1,1,0,0,0,"Latvia2010"
"332",332,"Latvia","2011","2011-09-17",6,0,-Inf,0,0,0,0,0,0,0,0,0,0,20.83,1,1,1,1,0,0,0,"Latvia2011"
"333",333,"Lithuania","1990","1990-03-10",6,0,1,0,0,0,0,0,0,0,0,0,0,NA,NA,NA,NA,NA,0.833333333333333,1.23849392197517,1.02394241843617,"Lithuania1990"
"334",334,"Lithuania","1992","1992-11-25",11,0,1,0,0.0569008640291041,0,0,0,1.66666666666667,1.66666666666667,1.66666666666667,0,67.41,13.97,1,1,7,4,0.116666666666667,4.8,2.21291666666667,"Lithuania1992"
"335",335,"Lithuania","1996","1996-10-20",19,1,1,0.227603456116417,0.089926422852983,1.66666666666667,1.66666666666667,1.66666666666667,1.86482349820227,4.8,0.116666666666667,43.98,61.88,45.71,1,1,7,4,1.8,2.8,2.33886176680961,"Lithuania1996"
"336",336,"Lithuania","2000","2000-10-08",14,1,1,0.299754742843277,0.0506695620702135,1.25186921862676,2.40044706723843,0.116666666666667,1.72576750551438,2.8,0.116666666666667,50.44,35.34,23.12,1,1,4,3,0.731357411167077,2,1.44378580372236,"Lithuania2000"
"337",337,"Lithuania","2004","2004-10-24",11,1,1,0.456026058631922,0.105633802816901,1.23849392197517,1.23849392197517,1.23849392197517,1.06226128293756,1.31578947368421,0.730994375128473,3.07,41.8,37.6,1,1,2,2,1.14,2.75623271339816,1.94811635669908,"Lithuania2004"
"338",338,"Lithuania","2008","2008-10-12",10,1,-Inf,0.316901408450704,0,1.14,1.14,1.14,0,0,0,28.4,0,33.5,1,1,3,3,0.295497187564237,2.75623271339816,1.5258649504812,"Lithuania2008"
"339",339,"Luxembourg","1945","1945-10-21",5,0,1,0,0,0,0,0,0,0,0,0,0.6,NA,NA,NA,NA,NA,1.44736842105263,1.71052631578947,1.57894736842105,"Luxembourg1945"
"340",340,"Luxembourg","1948","1948-06-06",4,0,1,0,0.223776223776224,0,0,0,0,0,0,0,14.3,0,0,0,0,0,0,0,0,"Luxembourg1948"
"341",341,"Luxembourg","1951","1951-06-03",4,1,0,0.223776223776224,0,0,0,0,0,0,0,14.3,0,0,0,0,0,0,0,0,0,"Luxembourg1951"
"342",342,"Luxembourg","1954","1954-05-30",4,0,0,0,0,0,0,0,0,0,0,0,0,0,0,0,0,0,0,0,0,"Luxembourg1954"
"343",343,"Luxembourg","1959","1959-02-01",4,0,0,0,0,0,0,0,0,0,0,0,0,0,0,0,0,0,0,0,0,"Luxembourg1959"
"344",344,"Luxembourg","1964","1964-06-07",5,0,1,0,0,0,0,0,0,0,0,0,6,6,1,1,1,1,0,0,0,"Luxembourg1964"
"345",345,"Luxembourg","1968","1968-12-15",4,0,0,0,0,0,0,0,0,0,0,0,0,0,0,0,0,0,0,0,0,"Luxembourg1968"
"346",346,"Luxembourg","1974","1974-05-26",5,0,0,0,0,0,0,0,0,0,0,0,0,9.1,1,1,1,1,0,0,0,"Luxembourg1974"
"347",347,"Luxembourg","1979","1979-06-10",7,0,1,0,0,0,0,0,0,0,0,0,8.2,2.2,1,1,2,2,0,0,0,"Luxembourg1979"
"348",348,"Luxembourg","1984","1984-06-17",5,0,1,0,0,0,0,0,2.5,2.5,2.5,0,4.2,4.2,1,1,1,1,2.5,2.5,2.5,"Luxembourg1984"
"349",349,"Luxembourg","1989","1989-06-18",7,0,1,0,0,0,0,0,0,0,0,0,11.8,15.3,1,1,3,3,3.81578947368421,3.81578947368421,3.81578947368421,"Luxembourg1989"
"350",350,"Luxembourg","1994","1994-06-12",5,0,0,0,0,0,0,0,0,0,0,0,0,0,0,0,0,0,0,0,0,"Luxembourg1994"
"351",351,"Luxembourg","1999","1999-06-13",6,0,0,0,0,0,0,0,0,0,0,0,0,3.8,1,1,1,1,4.47368421052632,4.47368421052632,4.47368421052632,"Luxembourg1999"
"352",352,"Luxembourg","2004","2004-06-13",6,0,0,0,0,0,0,0,0,0,0,0,0,0,0,0,0,0,0,0,0,"Luxembourg2004"
"353",353,"Luxembourg","2009","2009-06-07",7,0,-Inf,0,0,0,0,0,0,0,0,0,0,0,0,0,0,0,0,0,0,"Luxembourg2009"
"354",354,"Malta","1945","1945-03-12",2,0,1,0,0.238095238095238,0,0,0,0,0,0,0,14.7,NA,NA,NA,NA,NA,0.789473684210527,0.789473684210527,0.789473684210527,"Malta1945"
"355",355,"Malta","1947","1947-10-27",5,1,1,0.238095238095238,0.232147564236133,0,0,0,0.789473684210527,0.789473684210527,0.789473684210527,14.7,81.9,18.5,1,1,2,2,0,0,0,"Malta1947"
"356",356,"Malta","1950","1950-09-04",4,1,1,0.464295128472266,0,0.789473684210527,0.789473684210527,0.789473684210527,0,0,0,73.2,6,10,1,1,1,1,0,0,0,"Malta1950"
"357",357,"Malta","1951","1951-05-06",4,0,1,0,0.148148148148148,0,0,0,0,0,0,0,8.1,18.7,1,1,1,1,0,0,0,"Malta1951"
"358",358,"Malta","1953","1953-12-14",5,1,1,0.148148148148148,0,0,0,0,0,0,0,8.1,13,4.3,1,0,1,0,0,0,0,"Malta1953"
"359",359,"Malta","1955","1955-02-28",3,0,0,0,0,0,0,0,0,0,0,0,0,0,0,0,0,0,0,0,0,"Malta1955"
"360",360,"Malta","1962","1962-02-19",5,0,1,0,0.215725806451613,0,0,0,0,0,0,0,14.1,18.8,1,1,2,2,0,0,0,"Malta1962"
"361",361,"Malta","1966","1966-03-28",5,1,1,0.215725806451613,0,0,0,0,0,0,0,14.1,7.3,0,0,0,0,0,0,0,0,"Malta1966"
"362",362,"Malta","1971","1971-06-14",3,0,1,0,0,0,0,0,0,0,0,0,1,0,0,0,0,0,0,0,0,"Malta1971"
"363",363,"Malta","1976","1976-09-18",2,0,0,0,0,0,0,0,0,0,0,0,0,0,0,0,0,0,0,0,0,"Malta1976"
"364",364,"Malta","1981","1981-12-12",2,0,0,0,0,0,0,0,0,0,0,0,0,0,0,0,0,0,0,0,0,"Malta1981"
"365",365,"Malta","1987","1987-05-09",2,0,0,0,0,0,0,0,0,0,0,0,0,0,0,0,0,0,0,0,0,"Malta1987"
"366",366,"Malta","1992","1992-02-22",3,0,0,0,0,0,0,0,0,0,0,0,0,1.7,1,0,1,0,0,0,0,"Malta1992"
"367",367,"Malta","1996","1996-10-26",3,0,0,0,0,0,0,0,0,0,0,0,0,0,0,0,0,0,0,0,0,"Malta1996"
"368",368,"Malta","1998","1998-09-05",3,0,0,0,0,0,0,0,0,0,0,0,0,0,0,0,0,0,0,0,0,"Malta1998"
"369",369,"Malta","2003","2003-04-12",3,0,1,0,0,0,0,0,0,0,0,0,0.7,0,0,0,0,0,0,0,0,"Malta2003"
"370",370,"Malta","2008","2008-03-08",3,0,-Inf,0,0,0,0,0,0,0,0,0,0,0.7,1,0,1,0,1.21052641617624,1.21052641617624,1.21052641617624,"Malta2008"
"371",371,"Netherlands","1946","1946-05-17",7,0,0,0,0,0,0,0,0,0,0,0,0,NA,NA,NA,NA,NA,0.80666660308838,4.2,1.98709904396564,"Netherlands1946"
"372",372,"Netherlands","1948","1948-07-07",8,0,0,0,0,0,0,0,0,0,0,0,0,1.3,1,1,1,1,0,0,0,"Netherlands1948"
"373",373,"Netherlands","1952","1952-06-25",8,0,1,0,0,0,0,0,0,0,0,0,2.7,0,0,0,0,0,0,0,0,"Netherlands1952"
"374",374,"Netherlands","1956","1956-06-13",7,0,0,0,0,0,0,0,0,0,0,0,0,0,0,0,0,0,0,0,0,"Netherlands1956"
"375",375,"Netherlands","1959","1959-03-12",8,0,0,0,0,0,0,0,0,0,0,0,0,1.8,1,1,1,1,0,0,0,"Netherlands1959"
"376",376,"Netherlands","1963","1963-05-15",10,0,0,0,0,0,0,0,0,0,0,0,0,0,0,0,0,0,0,0,0,"Netherlands1963"
"377",377,"Netherlands","1967","1967-02-15",11,0,1,0,0.229166666666667,0,0,0,0,0,0,0,4.8,4.5,1,1,1,1,0.493405680833041,0.493405680833041,0.493405680833041,"Netherlands1967"
"378",378,"Netherlands","1971","1971-03-28",14,1,1,0.229166666666667,0,0,0,0,0,0,0,4.8,1.5,8.6,1,1,3,3,1.15666668256124,3.4,2.27833334128062,"Netherlands1971"
"379",379,"Netherlands","1972","1972-11-29",14,0,1,0,0.265721366424191,0,0,0,2.91888889418708,4.2,1.15666668256124,0,16.2,0.9,1,1,1,1,0,0,0,"Netherlands1972"
"380",380,"Netherlands","1977","1977-05-25",11,1,1,0.332151708030238,0,2.91888889418708,4.2,1.15666668256124,1.15666668256124,1.15666668256124,1.15666668256124,15.3,1.52,0,0,0,0,0,0,0,0,"Netherlands1977"
"381",381,"Netherlands","1981","1981-05-26",10,0,1,0,0.387387387387387,0,0,0,0.493405680833041,0.493405680833041,0.493405680833041,0,11.1,0,0,0,0,0,0,0,0,"Netherlands1981"
"382",382,"Netherlands","1982","1982-09-08",12,1,1,0.387387387387387,0,0.493405680833041,0.493405680833041,0.493405680833041,4.2,4.2,4.2,11.1,3.3,0,0,0,0,0,0,0,0,"Netherlands1982"
"383",383,"Netherlands","1986","1986-05-21",9,0,0,0,0,0,0,0,0,0,0,0,0,0,0,0,0,0,0,0,0,"Netherlands1986"
"384",384,"Netherlands","1989","1989-09-06",9,0,0,0,0,0,0,0,0,0,0,0,0,0,0,0,0,0,0,0,0,"Netherlands1989"
"385",385,"Netherlands","1994","1994-05-03",12,0,1,0,0,0,0,0,4.40972222222222,4.40972222222222,4.40972222222222,0,7,5.8,1,1,3,3,3.78544860483471,3.78544860483471,3.78544860483471,"Netherlands1994"
"386",386,"Netherlands","1998","1998-05-06",9,0,0,0,0,0,0,0,0,0,0,0,0,0,0,0,0,0,0,0,0,"Netherlands1998"
"387",387,"Netherlands","2002","2002-05-15",10,0,1,0,0.167647058823529,0,0,0,3.56093346445184,3.56093346445184,3.56093346445184,0,18.6,18.6,1,1,2,2,3.56093346445184,3.56093346445184,3.56093346445184,"Netherlands2002"
"388",388,"Netherlands","2003","2003-01-22",9,1,1,0.335294117647059,0.261446298673513,3.56093346445184,3.56093346445184,3.56093346445184,2.02716957264244,3.56093346445184,0.493405680833041,17,9.8,0,0,0,0,0,0,0,0,"Netherlands2003"
"389",389,"Netherlands","2006","2006-11-22",11,1,1,0.261446298673513,0,2.02716957264244,3.56093346445184,0.493405680833041,3.56093346445184,3.56093346445184,3.56093346445184,9.8,0.2,5.9,1,1,1,1,3.8,3.8,3.8,"Netherlands2006"
"390",390,"Netherlands","2010","2010-06-09",11,0,-Inf,0,0,0,0,0,0,0,0,0,0,0.56,1,0,1,0,0,0,0,"Netherlands2010"
"391",391,"New Zealand","1943","1943-09-25",3,0,1,0,0,0,0,0,0,0,0,0,4.31,NA,NA,NA,NA,NA,0.516959097789742,1.71929831253854,1.11812870516414,"New Zealand1943"
"392",392,"New Zealand","1946","1946-11-27",3,0,0,0,0,0,0,0,0,0,0,0,0,0,0,0,0,0,0,0,0,"New Zealand1946"
"393",393,"New Zealand","1949","1949-11-30",3,0,1,0,0.24,0,0,0,0,0,0,0,0.25,0,0,0,0,0,0,0,0,"New Zealand1949"
"394",394,"New Zealand","1951","1951-09-01",3,1,1,0.24,0,0,0,0,0,0,0,0.25,0.06,0,0,0,0,0,0,0,0,"New Zealand1951"
"395",395,"New Zealand","1954","1954-11-13",3,0,0,0,0,0,0,0,0,0,0,0,0,0,0,0,0,0,0,0,0,"New Zealand1954"
"396",396,"New Zealand","1957","1957-11-30",3,0,0,0,0,0,0,0,0,0,0,0,0,0,0,0,0,0,0,0,0,"New Zealand1957"
"397",397,"New Zealand","1960","1960-11-26",3,0,0,0,0,0,0,0,0,0,0,0,0,0,0,0,0,0,0,0,0,"New Zealand1960"
"398",398,"New Zealand","1963","1963-11-30",3,0,0,0,0,0,0,0,0,0,0,0,0,0,0,0,0,0,0,0,0,"New Zealand1963"
"399",399,"New Zealand","1966","1966-11-26",3,0,0,0,0,0,0,0,0,0,0,0,0,0,0,0,0,0,0,0,0,"New Zealand1966"
"400",400,"New Zealand","1969","1969-11-29",3,0,0,0,0,0,0,0,0,0,0,0,0,0,0,0,0,0,0,0,0,"New Zealand1969"
"401",401,"New Zealand","1972","1972-11-25",4,0,0,0,0,0,0,0,0,0,0,0,0,1.96,1,0,1,0,0,0,0,"New Zealand1972"
"402",402,"New Zealand","1975","1975-11-29",4,0,1,0,0.464354527938343,0,0,0,0,0,0,0,5.19,0,0,0,0,0,0,0,0,"New Zealand1975"
"403",403,"New Zealand","1978","1978-11-25",4,1,1,0.464354527938343,0,0,0,0,0,0,0,5.19,2.41,0,0,0,0,0,0,0,0,"New Zealand1978"
"404",404,"New Zealand","1981","1981-11-28",4,0,1,0,0.184745762711864,0,0,0,0.6,0.6,0.6,0,21.11,0.46,1,0,1,0,0,0,0,"New Zealand1981"
"405",405,"New Zealand","1984","1984-07-14",4,1,1,0.369491525423729,0,0.6,0.6,0.6,0,0,0,20.65,12.25,12.25,1,0,1,0,0,0,0,"New Zealand1984"
"406",406,"New Zealand","1987","1987-08-15",3,0,1,0,0.290940766550523,0,0,0,0.6,0.6,0.6,0,5.74,0,0,0,0,0,0,0,0,"New Zealand1987"
"407",407,"New Zealand","1990","1990-10-27",5,1,0,0.290940766550523,0,0.6,0.6,0.6,0,0,0,5.74,0,12.01,1,1,2,1,2.22222222222222,3.22714680119565,2.72468451170893,"New Zealand1990"
"408",408,"New Zealand","1993","1993-11-06",5,0,0,0,0,0,0,0,0,0,0,0,0,8.4,1,1,1,1,1.03878121627005,1.03878121627005,1.03878121627005,"New Zealand1993"
"409",409,"New Zealand","1996","1996-10-12",8,0,1,0,0.319101123595506,0,0,0,1.03878121627005,1.03878121627005,1.03878121627005,0,13.35,8.64,1,1,3,2,1.12188389426784,4.02631558870016,2.574099741484,"New Zealand1996"
"410",410,"New Zealand","1999","1999-11-27",10,1,1,0.319101123595506,0.0546942291128338,1.03878121627005,1.03878121627005,1.03878121627005,2.92426898493404,2.92426898493404,2.92426898493404,13.35,9.96,1.12,1,0,1,0,0,0,0,"New Zealand1999"
"411",411,"New Zealand","2002","2002-07-27",10,1,1,0.164082687338501,0.122117546570198,2.92426898493404,2.92426898493404,2.92426898493404,2.69082282263401,4.02631558870016,1.12188389426784,7.74,17.73,2.98,1,1,2,1,1.98060939186498,1.98060939186498,1.98060939186498,"New Zealand2002"
"412",412,"New Zealand","2005","2005-09-17",8,1,1,0.305293866425494,0.325842696629214,2.574099741484,4.02631558870016,1.12188389426784,1.12188389426784,1.12188389426784,1.12188389426784,13.83,2.67,2.12,1,1,1,1,0,0,0,"New Zealand2005"
"413",413,"New Zealand","2008","2008-11-08",8,1,1,0.325842696629214,0.146575342465753,1.12188389426784,1.12188389426784,1.12188389426784,3.00346249028257,4.02631558870016,1.98060939186498,2.67,4.56,0,0,0,0,0,0,0,0,"New Zealand2008"
"414",414,"New Zealand","2011","2011-11-26",9,1,-Inf,0.293150684931507,0,4.02631558870016,4.02631558870016,4.02631558870016,0,0,0,3.65,0,3.73,1,1,2,1,0,0,0,"New Zealand2011"
"415",415,"Norway","1945","1945-10-08",6,0,1,0,0.487394957983193,0,0,0,0,0,0,0,11.9,NA,NA,NA,NA,NA,0.146700099476597,2.89944297240259,1.17412975452564,"Norway1945"
"416",416,"Norway","1949","1949-10-10",6,1,0,0.487394957983193,0,0,0,0,0,0,0,11.9,0,0,0,0,0,0,0,0,0,"Norway1949"
"417",417,"Norway","1953","1953-10-12",6,0,0,0,0,0,0,0,0,0,0,0,0,0,0,0,0,0,0,0,0,"Norway1953"
"418",418,"Norway","1957","1957-10-07",7,0,1,0,0,0,0,0,4.59110277033689,4.59110277033689,4.59110277033689,0,0.52,0,0,0,0,0,0,0,0,"Norway1957"
"419",419,"Norway","1961","1961-09-11",7,0,1,0,0.482758620689655,0,0,0,0,0,0,0,2.9,2.4,1,1,1,1,0,0,0,"Norway1961"
"420",420,"Norway","1965","1965-09-12",7,1,0,0.482758620689655,0,0,0,0,0,0,0,2.9,0,0,0,0,0,0,0,0,0,"Norway1965"
"421",421,"Norway","1969","1969-09-07",7,0,1,0,0.123758865248227,0,0,0,0.146700099476597,0.146700099476597,0.146700099476597,0,13.8,0,0,0,0,0,0,0,0,"Norway1969"
"422",422,"Norway","1973","1973-09-09",9,1,1,0.371276595744681,0.290350750332072,0.146700099476597,0.146700099476597,0.146700099476597,3.92220830884826,4.59110277033689,3.41606793171249,9.4,20.1,19.67,1,1,3,3,3.41606793171249,3.7594542244954,3.58776107810394,"Norway1973"
"423",423,"Norway","1977","1977-09-11",8,1,1,0.387134333776097,0,3.58776107810394,3.7594542244954,3.41606793171249,0,0,0,19.67,1.4,0,0,0,0,0,0,0,0,"Norway1977"
"424",424,"Norway","1981","1981-09-14",8,0,1,0,0,0,0,0,4.59110277033689,4.59110277033689,4.59110277033689,0,0.7,0,0,0,0,0,0,0,0,"Norway1981"
"425",425,"Norway","1985","1985-09-08",7,0,0,0,0,0,0,0,0,0,0,0,0,0,0,0,0,0,0,0,0,"Norway1985"
"426",426,"Norway","1989","1989-09-11",8,0,1,0,0.242307692307692,0,0,0,3.7594542244954,3.7594542244954,3.7594542244954,0,13.3,0.3,1,1,1,1,0,0,0,"Norway1989"
"427",427,"Norway","1993","1993-09-13",9,1,1,0.484615384615385,0.236526946107784,3.7594542244954,3.7594542244954,3.7594542244954,0.343497636954919,0.343497636954919,0.343497636954919,13,17.7,0,0,0,0,0,0,0,0,"Norway1993"
"428",428,"Norway","1997","1997-09-16",9,1,0,0.473053892215569,0,0.343497636954919,0.343497636954919,0.343497636954919,0,0,0,16.7,0,0.4,1,1,1,1,0,0,0,"Norway1997"
"429",429,"Norway","2001","2001-09-10",9,0,1,0,0,0,0,0,0,0,0,0,1.7,0,0,0,0,0,0,0,0,"Norway2001"
"430",430,"Norway","2005","2005-09-12",8,0,0,0,0,0,0,0,0,0,0,0,0,0,0,0,0,0,0,0,0,"Norway2005"
"431",431,"Norway","2009","2009-09-24",8,0,-Inf,0,0,0,0,0,0,0,0,0,0,0,0,0,0,0,0,0,0,"Norway2009"
"432",432,"Poland","1989","1989-06-18",4,0,1,0,0,0,0,0,0,0,0,0,0,NA,NA,NA,NA,NA,0,0,0,"Poland1989"
"433",433,"Poland","1991","1991-10-27",30,0,1,0,0.0384848484848485,0,0,0,2.08333333333333,2.5,1.66666666666667,0,28.29,86.4,1,1,28,27,0.277777777777778,4.73684210526316,1.5678023498441,"Poland1991"
"434",434,"Poland","1993","1993-09-19",17,1,1,0.384848484848485,0.0474675324675325,1.66666666666667,1.66666666666667,1.66666666666667,2.0128123131133,4.73684210526316,0.814407147190027,6.7,46.85,18.28,1,1,5,3,2.96519525427567,2.96519525427567,2.96519525427567,"Poland1993"
"435",435,"Poland","1997","1997-09-21",11,1,1,0.474675324675325,0.0567708469375279,0.814407147190027,0.814407147190027,0.814407147190027,1.04919807255617,2.12858842548571,0.229532107972263,15.4,59.963,12.763,1,1,5,1,0.789473684210527,0.789473684210527,0.789473684210527,"Poland1997"
"436",436,"Poland","2001","2001-09-23",11,1,1,0.198697964281348,0,1.17906026672899,2.12858842548571,0.229532107972263,2.54689183988069,2.96519525427567,2.12858842548571,47.2,5.6,40.3,1,1,4,4,1.00304093009547,3.88515006885195,2.20585077068262,"Poland2001"
"437",437,"Poland","2005","2005-09-25",11,0,1,0,0.0741776315789474,0,0,0,2.44409549947371,3.88515006885195,1.00304093009547,0,22.02,6.51,1,0,3,0,2,2,2,"Poland2005"
"438",438,"Poland","2007","2007-10-19",11,1,1,0.148355263157895,0,2.44409549947371,3.88515006885195,1.00304093009547,2.07239358355428,3.88515006885195,0.229532107972263,19.4,15.98,0,0,0,0,0,0,0,0,"Poland2007"
"439",439,"Poland","2011","2011-10-09",8,0,-Inf,0,0,0,0,0,0,0,0,0,0,12.21,1,1,2,1,0,0,0,"Poland2011"
"440",440,"Portugal","1975","1975-04-25",9,0,1,0,0,0,0,0,0,0,0,0,5.15,NA,NA,NA,NA,NA,0.950760219529357,3.02218546375476,2.0231219592206,"Portugal1975"
"441",441,"Portugal","1976","1976-04-25",6,0,1,0,0,0,0,0,0,0,0,0,0.77,0,0,0,0,0,0,0,0,"Portugal1976"
"442",442,"Portugal","1979","1979-10-05",11,0,1,0,0,0,0,0,0,0,0,0,1.21,0,1,1,1,1,0,0,0,"Portugal1979"
"443",443,"Portugal","1980","1980-10-05",14,0,1,0,0,0,0,0,0,0,0,0,3.76,1.38,1,1,3,2,0,0,0,"Portugal1980"
"444",444,"Portugal","1983","1983-04-25",8,0,1,0,0,0,0,0,0,0,0,0,0.69,0,1,1,1,1,3.34210521296451,3.34210521296451,3.34210521296451,"Portugal1983"
"445",445,"Portugal","1985","1985-10-06",9,0,1,0,0.178940650996845,0,0,0,3.02218546375476,3.02218546375476,3.02218546375476,0,43.37,17.92,1,1,1,1,0,0,0,"Portugal1985"
"446",446,"Portugal","1987","1987-07-19",9,1,1,0.357881301993689,0,3.02218546375476,3.02218546375476,3.02218546375476,0,0,0,27.88,5.8,0,1,1,1,1,0,0,0,"Portugal1987"
"447",447,"Portugal","1991","1991-10-06",8,0,1,0,0,0,0,0,0,0,0,0,2.8,1.68,1,1,1,1,0,0,0,"Portugal1991"
"448",448,"Portugal","1995","1995-10-01",7,0,0,0,0,0,0,0,0,0,0,0,0,0,0,0,0,0,0,0,0,"Portugal1995"
"449",449,"Portugal","1999","1999-10-10",8,0,0,0,0,0,0,0,0,0,0,0,0,0,0,0,0,0,0,0,0,"Portugal1999"
"450",450,"Portugal","2002","2002-03-17",8,0,0,0,0,0,0,0,0,0,0,0,0,0,0,0,0,0,0,0,0,"Portugal2002"
"451",451,"Portugal","2005","2005-02-20",8,0,1,0,0,0,0,0,3.0833542072285,3.34210521296451,2.82460320149249,0,0,0,0,0,0,0,0,0,0,"Portugal2005"
"452",452,"Portugal","2009","2009-09-27",6,0,0,0,0,0,0,0,0,0,0,0,0,0,0,0,0,0,0,0,0,"Portugal2009"
"453",453,"Portugal","2011","2011-06-05",7,0,-Inf,0,0,0,0,0,0,0,0,0,0,1.04,1,0,1,0,0,0,0,"Portugal2011"
"454",454,"Romania","1990","1990-05-20",12,0,1,0,0.112956730769231,0,0,0,0.804926893613494,1.05429823167143,0.555555555555555,0,76.33,NA,NA,NA,NA,NA,0.534055609452105,1.05429823167143,0.743097657655417,"Romania1990"
"455",455,"Romania","1992","1992-09-27",17,1,1,0.282391826923077,0,0.804926893613494,1.05429823167143,0.555555555555555,0.555555555555555,0.555555555555555,0.555555555555555,72.7,15.448,43.97,1,1,6,5,0.555555555555555,1.66183774624652,0.776811993693748,"Romania1992"
"456",456,"Romania","1996","1996-11-03",19,0,1,0,0.0371974712105409,0,0,0,0.698144455223754,1.29,0.534055609452105,0,43.71,18.39,1,1,6,3,0.38746584975928,0.38746584975928,0.38746584975928,"Romania1996"
"457",457,"Romania","2000","2000-11-26",10,1,1,0.241783562868516,0,0.922777777777778,1.29,0.555555555555555,0.922777777777778,1.29,0.555555555555555,34.53,11.89,5.47,1,0,2,0,0,0,0,"Romania2000"
"458",458,"Romania","2004","2004-11-28",11,0,1,0,0.0807692307692308,0,0,0,0.861119735152636,1.66183774624652,0.38746584975928,0,14.9,2.2,1,1,2,1,0.23780701754386,0.23780701754386,0.23780701754386,"Romania2004"
"459",459,"Romania","2008","2008-11-30",9,1,-Inf,0.242307692307692,0,1.66183774624652,1.66183774624652,1.66183774624652,0,0,0,13,0,0,0,0,0,0,0,0,0,"Romania2008"
"460",460,"Slovakia","1990","1990-06-09",7,0,1,0,0.115885416666667,0,0,0,2.10820906432749,2.10820906432749,2.10820906432749,0,56.4,NA,NA,NA,NA,NA,1.66666666666667,2.10820906432749,1.88872075186835,"Slovakia1990"
"461",461,"Slovakia","1992","1992-06-06",6,1,1,0.463541666666667,0,2.10820906432749,2.10820906432749,2.10820906432749,1.66666666666667,1.66666666666667,1.66666666666667,19.2,7.4,41.3,1,1,2,1,0.108579306128428,0.188888888888889,0.148734097508659,"Slovakia1992"
"462",462,"Slovakia","1994","1994-10-02",9,0,1,0,0.178082191780822,0,0,0,0,0,0,0,7.3,26.1,1,1,3,3,1.50052638271398,1.50052638271398,1.50052638271398,"Slovakia1994"
"463",463,"Slovakia","1998","1998-09-26",8,1,1,0.178082191780822,0.0916902145473574,0,0,0,1.99000242549309,2.19,1.7602338846664,7.3,59.4,8,1,1,1,1,0,0,0,"Slovakia1998"
"464",464,"Slovakia","2002","2002-09-21",9,1,1,0.229225536368394,0.20868785812606,1.89000363823963,2.01977339181287,1.7602338846664,1.36975401605082,2.24044885735763,0.108579306128428,23.8,28.87,36.56,1,1,3,3,1.62008771929825,2.35912280701754,2.07321979455781,"Slovakia2002"
"465",465,"Slovakia","2006","2006-06-17",8,1,1,0.313031787189091,0.258865578865579,1.17451408174303,2.24044885735763,0.108579306128428,2.06836713509811,4.47250773747762,0.108579306128428,27.51,37.5,0,0,0,0,0,0,0,0,"Slovakia2006"
"466",466,"Slovakia","2010","2010-06-12",10,1,1,0.431442631442631,0.219822723222585,1.20962636021843,2.01977339181287,0.108579306128428,1.40931199927079,2.35912280701754,0.108579306128428,32.2,34.29,21.59,1,1,3,2,0,0,0,"Slovakia2010"
"467",467,"Slovakia","2012","2012-03-10",12,1,-Inf,0.43964544644517,0,2.35912280701754,2.35912280701754,2.35912280701754,0,0,0,27.56,0,10.13,1,1,2,1,0,0,0,"Slovakia2012"
"468",468,"Slovenia","1990","1990-04-12",11,0,1,0,0.173280098280098,0,0,0,1.99964317857174,1.99964317857174,1.99964317857174,0,34.6,NA,NA,NA,NA,NA,1.26491229743288,1.99964317857174,1.69922687463593,"Slovenia1990"
"469",469,"Slovenia","1992","1992-12-06",11,1,1,0.433200245700246,0.26990626990627,1.99964317857174,1.99964317857174,1.99964317857174,0.205928695411018,0.205928695411018,0.205928695411018,16.2,15.78,17.08,1,1,3,2,0.205928695411018,0.205928695411018,0.205928695411018,"Slovenia1992"
"470",470,"Slovenia","1996","1996-11-10",11,1,1,0.404859404859405,0.123711340206186,0.205928695411018,0.205928695411018,0.205928695411018,1.64766079082824,1.69532158165647,1.6,13.6,33.5,4.3,1,1,1,1,1.77076021160996,1.77076021160996,1.77076021160996,"Slovenia1996"
"471",471,"Slovenia","2000","2000-10-15",10,1,1,0.494845360824742,0.488372093023256,1.69532158165647,1.69532158165647,1.69532158165647,0.773684260719699,0.773684260719699,0.773684260719699,19.4,4.3,12.9,1,1,2,2,0.773684260719699,2.9345030132093,1.8540936369645,"Slovenia2000"
"472",472,"Slovenia","2004","2004-10-03",12,1,1,0.488372093023256,0.12125730994152,0.773684260719699,0.773684260719699,0.773684260719699,1.34327489284047,2.9345030132093,0.4,4.3,39.52,5.62,1,0,2,0,0.4,0.4,0.4,"Slovenia2004"
"473",473,"Slovenia","2008","2008-09-21",11,1,1,0.303143274853801,0.192577366375765,2.09970765532109,2.9345030132093,1.26491229743288,1.13569943612082,1.93625731551856,0.205928695411018,31.8,52.24,11.18,1,1,2,1,0,0,0,"Slovenia2008"
"474",474,"Slovenia","2011","2011-12-04",12,1,-Inf,0.320962277292941,0,1.13569943612082,1.93625731551856,0.205928695411018,0,0,0,41.06,0,38.1,1,1,3,2,0,0,0,"Slovenia2011"
"475",475,"Spain","1977","1977-06-15",12,0,1,0,0,0,0,0,0.79166650772095,0.79166650772095,0.79166650772095,0,6.62,NA,NA,NA,NA,NA,0.79166650772095,2.98174591521771,1.88870526834492,"Spain1977"
"476",476,"Spain","1979","1979-03-01",14,0,1,0,0.0809227809227809,0,0,0,2.75377581990486,4.8,0.15,0,50.83,3.3,1,1,3,3,4.40909091631571,4.8,4.60454545815786,"Spain1979"
"477",477,"Spain","1982","1982-10-28",10,1,1,0.283229733229733,0,2.54087295760885,2.98174591521771,2.1,1.99638887564341,2.1,1.89277775128682,46.1,7.46,2.9,1,1,1,1,0,0,0,"Spain1982"
"478",478,"Spain","1986","1986-06-22",14,0,1,0,0,0,0,0,1.54138888888889,2.08833333333333,0.994444444444444,0,8.3,8.9,1,1,5,5,0.994444444444444,2.08833333333333,1.37481476183291,"Spain1986"
"479",479,"Spain","1989","1989-10-29",13,0,1,0,0,0,0,0,1.375,2.6,0.15,0,9.72,0.67,1,1,1,1,0.688472182485793,0.688472182485793,0.688472182485793,"Spain1989"
"480",480,"Spain","1993","1993-06-06",11,0,1,0,0,0,0,0,2.19090900421142,2.19090900421142,2.19090900421142,0,0.62,0,0,0,0,0,0,0,0,"Spain1993"
"481",481,"Spain","1996","1996-03-03",11,0,1,0,0,0,0,0,2.72537871201833,4.40909091631571,1.04166650772095,0,1.1,0,0,0,0,0,0,0,0,"Spain1996"
"482",482,"Spain","2000","2000-03-12",12,0,1,0,0,0,0,0,0.970833373069765,1.79166674613953,0.15,0,1.4,0.8,1,1,2,2,1.79166674613953,2.25,2.02083337306976,"Spain2000"
"483",483,"Spain","2004","2004-03-14",11,0,1,0,0.24,0,0,0,2.07138887564341,2.25,1.89277775128682,0,2.9,0,0,0,0,0,0,0,0,"Spain2004"
"484",484,"Spain","2008","2008-03-09",11,1,0,0.48,0,1.89277775128682,1.89277775128682,1.89277775128682,0,0,0,2.5,0,1.2,1,1,1,1,0,0,0,"Spain2008"
"485",485,"Spain","2011","2011-11-20",16,0,-Inf,0,0,0,0,0,0,0,0,0,0,1.82,1,1,2,2,0,0,0,"Spain2011"
"486",486,"Sweden","1944","1944-09-17",5,0,0,0,0,0,0,0,0,0,0,0,0,NA,NA,NA,NA,NA,0.808439806943752,3.45364726041493,1.99973896592495,"Sweden1944"
"487",487,"Sweden","1948","1948-09-19",5,0,0,0,0,0,0,0,0,0,0,0,0,0,0,0,0,0,0,0,0,"Sweden1948"
"488",488,"Sweden","1952","1952-09-21",5,0,0,0,0,0,0,0,0,0,0,0,0,0,0,0,0,0,0,0,0,"Sweden1952"
"489",489,"Sweden","1956","1956-09-26",5,0,0,0,0,0,0,0,0,0,0,0,0,0,0,0,0,0,0,0,0,"Sweden1956"
"490",490,"Sweden","1958","1958-06-01",5,0,0,0,0,0,0,0,0,0,0,0,0,0,0,0,0,0,0,0,0,"Sweden1958"
"491",491,"Sweden","1960","1960-09-18",5,0,0,0,0,0,0,0,0,0,0,0,0,0,0,0,0,0,0,0,0,"Sweden1960"
"492",492,"Sweden","1964","1964-09-20",8,0,0,0,0,0,0,0,0,0,0,0,0,3.3,1,1,2,1,2.19499406138638,2.19499406138638,2.19499406138638,"Sweden1964"
"493",493,"Sweden","1968","1968-09-15",8,0,1,0,0,0,0,0,0,0,0,0,2.6,0,0,0,0,0,0,0,0,"Sweden1968"
"494",494,"Sweden","1970","1970-09-20",6,0,0,0,0,0,0,0,0,0,0,0,0,0,0,0,0,0,0,0,0,"Sweden1970"
"495",495,"Sweden","1973","1973-09-16",6,0,0,0,0,0,0,0,0,0,0,0,0,0,0,0,0,0,0,0,0,"Sweden1973"
"496",496,"Sweden","1976","1976-09-19",6,0,0,0,0,0,0,0,0,0,0,0,0,0,0,0,0,0,0,0,0,"Sweden1976"
"497",497,"Sweden","1979","1979-09-16",6,0,0,0,0,0,0,0,0,0,0,0,0,0,0,0,0,0,0,0,0,"Sweden1979"
"498",498,"Sweden","1982","1982-09-19",7,0,0,0,0,0,0,0,0,0,0,0,0,1.7,1,0,1,0,1.62105051859359,1.62105051859359,1.62105051859359,"Sweden1982"
"499",499,"Sweden","1985","1985-09-15",7,0,0,0,0,0,0,0,0,0,0,0,0,0,0,0,0,0,0,0,0,"Sweden1985"
"500",500,"Sweden","1988","1988-09-18",7,0,0,0,0,0,0,0,0,0,0,0,0,0,0,0,0,0,0,0,0,"Sweden1988"
"501",501,"Sweden","1991","1991-09-15",8,0,1,0,0.17910447761194,0,0,0,3.99444444444444,3.99444444444444,3.99444444444444,0,6.7,6.7,1,1,1,1,3.99444444444444,3.99444444444444,3.99444444444444,"Sweden1991"
"502",502,"Sweden","1994","1994-09-18",8,1,1,0.17910447761194,0,3.99444444444444,3.99444444444444,3.99444444444444,3.99444444444444,3.99444444444444,3.99444444444444,6.7,1.2,0,0,0,0,0,0,0,0,"Sweden1994"
"503",503,"Sweden","1998","1998-09-21",8,0,1,0,0,0,0,0,0,0,0,0,1,0,0,0,0,0,0,0,0,"Sweden1998"
"504",504,"Sweden","2002","2002-09-15",8,0,0,0,0,0,0,0,0,0,0,0,0,0,0,0,0,0,0,0,0,"Sweden2002"
"505",505,"Sweden","2006","2006-09-17",8,0,0,0,0,0,0,0,0,0,0,0,0,0,0,0,0,0,0,0,0,"Sweden2006"
"506",506,"Sweden","2010","2010-09-19",9,0,-Inf,0,0,0,0,0,0,0,0,0,0,0.65,1,0,1,0,0,0,0,"Sweden2010"
"507",507,"Switzerland","1919","1919-10-26",9,0,1,0,0,0,0,0,0,0,0,0,0,NA,NA,NA,NA,NA,0.0751881850393161,3.16812861314294,1.58216964106346,"Switzerland1919"
"508",508,"Switzerland","1922","1922-10-29",9,0,1,0,0,0,0,0,0,0,0,0,0,1.8,1,1,2,2,4.47368421052632,4.47368421052632,4.47368421052632,"Switzerland1922"
"509",509,"Switzerland","1925","1925-10-25",9,0,0,0,0,0,0,0,0,0,0,0,0,0,1,1,1,1,0,0,0,"Switzerland1925"
"510",510,"Switzerland","1928","1928-10-28",9,0,1,0,0,0,0,0,0,0,0,0,0,0,0,0,0,0,0,0,0,"Switzerland1928"
"511",511,"Switzerland","1931","1931-10-25",9,0,1,0,0,0,0,0,0,0,0,0,0,0,1,1,1,1,0,0,0,"Switzerland1931"
"512",512,"Switzerland","1935","1935-10-27",13,0,1,0,0,0,0,0,0,0,0,0,0,4.1,1,1,5,5,0,0,0,"Switzerland1935"
"513",513,"Switzerland","1939","1939-10-29",11,0,1,0,0.148148148148148,0,0,0,2.27443619778282,4.47368421052632,0.0751881850393161,0,3.5,0,1,1,1,1,0,0,0,"Switzerland1939"
"514",514,"Switzerland","1943","1943-10-31",11,1,1,0.444444444444444,0,0.0751881850393161,0.0751881850393161,0.0751881850393161,0,0,0,0.9,0,0,1,1,2,2,0,0,0,"Switzerland1943"
"515",515,"Switzerland","1947","1947-10-26",10,0,1,0,0,0,0,0,0,0,0,0,0,0,0,0,0,0,0,0,0,"Switzerland1947"
"516",516,"Switzerland","1951","1951-10-28",9,0,0,0,0,0,0,0,0,0,0,0,0,0,0,0,0,0,0,0,0,"Switzerland1951"
"517",517,"Switzerland","1955","1955-10-30",9,0,0,0,0,0,0,0,0,0,0,0,0,0,0,0,0,0,0,0,0,"Switzerland1955"
"518",518,"Switzerland","1959","1959-10-25",9,0,0,0,0,0,0,0,0,0,0,0,0,0,0,0,0,0,0,0,0,"Switzerland1959"
"519",519,"Switzerland","1963","1963-10-27",9,0,0,0,0,0,0,0,0,0,0,0,0,0,0,0,0,0,0,0,0,"Switzerland1963"
"520",520,"Switzerland","1967","1967-10-29",12,0,1,0,0,0,0,0,0,0,0,0,1.4,0.8,1,1,3,2,4.42472457885742,4.42472457885742,4.42472457885742,"Switzerland1967"
"521",521,"Switzerland","1971","1971-10-31",11,0,1,0,0,0,0,0,0,0,0,0,0.3,0.3,1,0,1,0,0,0,0,"Switzerland1971"
"522",522,"Switzerland","1975","1975-10-26",12,0,1,0,0.2,0,0,0,0,0,0,0,3,0.3,1,1,1,1,0,0,0,"Switzerland1975"
"523",523,"Switzerland","1979","1979-10-21",16,1,1,0.2,0.107142857142857,0,0,0,4.06578967445776,4.47368421052632,3.65789513838921,3,2.4,0.9,1,1,4,3,3.31140342511629,3.65789513838921,3.48464928175275,"Switzerland1979"
"524",524,"Switzerland","1983","1983-10-23",16,1,1,0.428571428571429,0,4.47368421052632,4.47368421052632,4.47368421052632,0,0,0,2.1,0.5,1,1,1,2,1,0,0,0,"Switzerland1983"
"525",525,"Switzerland","1987","1987-10-18",16,0,1,0,0.153846153846154,0,0,0,0,0,0,0,1.3,2.6,1,1,1,1,3.05555555555556,3.05555555555556,3.05555555555556,"Switzerland1987"
"526",526,"Switzerland","1991","1991-10-20",19,1,1,0.153846153846154,0,0,0,0,0,0,0,1.3,0.8,1.4,1,1,1,1,0,0,0,"Switzerland1991"
"527",527,"Switzerland","1995","1995-10-22",16,0,1,0,0.271296296296296,0,0,0,3.05555555555556,3.05555555555556,3.05555555555556,0,7.3,0.3,1,0,1,0,0,0,0,"Switzerland1995"
"528",528,"Switzerland","1999","1999-10-24",16,1,1,0.271296296296296,0.222222222222222,3.05555555555556,3.05555555555556,3.05555555555556,3.05555555555556,3.05555555555556,3.05555555555556,7.3,2.5,0,0,0,0,0,0,0,0,"Switzerland1999"
"529",529,"Switzerland","2003","2003-10-19",15,1,1,0.333333333333333,0,3.05555555555556,3.05555555555556,3.05555555555556,3.05555555555556,3.05555555555556,3.05555555555556,1.8,1.2,0,0,0,0,0,0,0,0,"Switzerland2003"
"530",530,"Switzerland","2007","2007-10-21",13,0,1,0,0,0,0,0,4.44920439469187,4.47368421052632,4.42472457885742,0,1.6,1.4,1,1,1,1,0,0,0,"Switzerland2007"
"531",531,"Switzerland","2011","2011-10-23",12,0,-Inf,0,0,0,0,0,0,0,0,0,0,6.22,1,1,3,3,0,0,0,"Switzerland2011"
"532",532,"United Kingdom","1945","1945-07-05",10,0,1,0,0,0,0,0,1.41291765905681,1.41291765905681,1.41291765905681,0,1.3,NA,NA,NA,NA,NA,0.643777093682835,2.42608486010084,1.29881990321012,"United Kingdom1945"
"533",533,"United Kingdom","1950","1950-02-23",7,0,1,0,0.30952380952381,0,0,0,0.7125,0.7125,0.7125,0,9.4,0,0,0,0,0,0,0,0,"United Kingdom1950"
"534",534,"United Kingdom","1951","1951-10-25",8,1,1,0.30952380952381,0,0.7125,0.7125,0.7125,0,0,0,9.4,0.5,0,0,0,0,0,0,0,0,"United Kingdom1951"
"535",535,"United Kingdom","1955","1955-05-26",7,0,1,0,0,0,0,0,0,0,0,0,0.6,0,0,0,0,0,0,0,0,"United Kingdom1955"
"536",536,"United Kingdom","1959","1959-10-08",6,0,0,0,0,0,0,0,0,0,0,0,0,0,0,0,0,0,0,0,0,"United Kingdom1959"
"537",537,"United Kingdom","1964","1964-10-15",6,0,1,0,0,0,0,0,1.88169810847232,1.88169810847232,1.88169810847232,0,0.2,0,0,0,0,0,0,0,0,"United Kingdom1964"
"538",538,"United Kingdom","1966","1966-03-31",7,0,1,0,0,0,0,0,0,0,0,0,0,0.1,1,1,1,1,0,0,0,"United Kingdom1966"
"539",539,"United Kingdom","1970","1970-06-18",8,0,1,0,0,0,0,0,0,0,0,0,0.7,0.6,1,1,2,2,0,0,0,"United Kingdom1970"
"540",540,"United Kingdom","1974","1974-02-28",11,0,0,0,0,0,0,0,0,0,0,0,0,1.87,1,1,6,4,3.3,3.3,3.3,"United Kingdom1974"
"541",541,"United Kingdom","1974","1974-10-10",11,0,1,0,0,0,0,0,0,0,0,0,1.4,0,0,0,0,0,0,0,0,"United Kingdom1974.5"
"542",542,"United Kingdom","1979","1979-05-03",10,0,1,0,0,0,0,0,0,0,0,0,0.73,0.13,1,1,1,1,0,0,0,"United Kingdom1979"
"543",543,"United Kingdom","1983","1983-06-09",12,0,0,0,0,0,0,0,0,0,0,0,0,0.07,1,1,2,2,0.4,0.4,0.4,"United Kingdom1983"
"544",544,"United Kingdom","1987","1987-06-11",13,0,1,0,0,0,0,0,0.55625,0.7125,0.4,0,22.86,0.3,1,0,1,0,2.43,2.43,2.43,"United Kingdom1987"
"545",545,"United Kingdom","1992","1992-04-09",10,0,1,0,0,0,0,0,2.43,2.43,2.43,0,0.6,0,0,0,0,0,0,0,0,"United Kingdom1992"
"546",546,"United Kingdom","1997","1997-05-01",11,0,1,0,0,0,0,0,0,0,0,0,2.64,2.64,1,1,2,1,0,0,0,"United Kingdom1997"
"547",547,"United Kingdom","2001","2001-06-07",10,0,0,0,0,0,0,0,0,0,0,0,0,1.5,1,0,1,0,2.84291669845581,2.84291669845581,2.84291669845581,"United Kingdom2001"
"548",548,"United Kingdom","2005","2005-05-05",12,0,1,0,0,0,0,0,3.3,3.3,3.3,0,0.8,0.3,1,1,1,1,0,0,0,"United Kingdom2005"
"549",549,"United Kingdom","2010","2010-05-06",12,0,-Inf,0,0,0,0,0,0,0,0,0,0,1.9,1,0,1,0,0,0,0,"United Kingdom2010"
