"","country","year","np5","reg_cost","eth_frag","vote_new","party_fin","uid","vote_new.1"
"1","Australia",1949,0,0,0.850000023841858,NA,0,"Australia1949",NA
"2","Australia",1951,0,0,0.850000023841858,NA,0,"Australia1951",NA
"3","Australia",1954,0,0,0.850000023841858,NA,0,"Australia1954",NA
"4","Australia",1955,1,0,0.850000023841858,NA,0,"Australia1955",NA
"5","Australia",1958,1,0,0.850000023841858,NA,0,"Australia1958",NA
"6","Australia",1961,0,0,0.850000023841858,NA,0,"Australia1961",NA
"7","Australia",1963,0,0,0.850000023841858,NA,0,"Australia1963",NA
"8","Australia",1966,2,0,0.850000023841858,NA,0,"Australia1966",NA
"9","Australia",1969,0,0,0.850000023841858,NA,0,"Australia1969",NA
"10","Australia",1972,1,0.0500000007450581,0.850000023841858,NA,0,"Australia1972",NA
"11","Australia",1974,1,0.0399999991059303,0.850000023841858,NA,0,"Australia1974",NA
"12","Australia",1975,1,0.0299999993294477,0.850000023841858,NA,0,"Australia1975",NA
"13","Australia",1977,1,0.0199999995529652,0.850000023841858,NA,0,"Australia1977",NA
"14","Australia",1980,0,0.0199999995529652,0.850000023841858,NA,0,"Australia1980",NA
"15","Australia",1983,1,0.00999999977648258,0.850000023841858,NA,0,"Australia1983",NA
"16","Australia",1984,1,0.00999999977648258,0.850000023841858,NA,0,"Australia1984",NA
"17","Australia",1987,1,0.00999999977648258,0.850000023841858,NA,0,"Australia1987",NA
"18","Australia",1990,1,0.00999999977648258,0.850000023841858,NA,0,"Australia1990",NA
"19","Australia",1993,NA,0.00999999977648258,0.850000023841858,NA,0,"Australia1993",NA
"20","Australia",1996,0,0.00999999977648258,0.850000023841858,NA,0,"Australia1996",NA
"21","Australia",1998,0,0.00999999977648258,0.850000023841858,NA,0,"Australia1998",NA
"22","Australia",2001,0,0.00999999977648258,0.850000023841858,NA,0,"Australia2001",NA
"23","Austria",1949,1,0,0.779999971389771,NA,1,"Austria1949",NA
"24","Austria",1953,0,0,0.779999971389771,NA,1,"Austria1953",NA
"25","Austria",1956,0,0,0.779999971389771,NA,1,"Austria1956",NA
"26","Austria",1959,0,0.100000001490116,0.779999971389771,NA,1,"Austria1959",NA
"27","Austria",1962,1,0.0700000002980232,0.779999971389771,NA,1,"Austria1962",NA
"28","Austria",1966,3,0.0500000007450581,0.779999971389771,NA,1,"Austria1966",NA
"29","Austria",1970,0,0.0399999991059303,0.779999971389771,NA,1,"Austria1970",NA
"30","Austria",1971,0,0.109999999403954,0.779999971389771,NA,1,"Austria1971",NA
"31","Austria",1975,1,0.0700000002980232,0.779999971389771,NA,1,"Austria1975",NA
"32","Austria",1979,1,0.0500000007450581,0.779999971389771,NA,1,"Austria1979",NA
"33","Austria",1983,2,0.0399999991059303,0.779999971389771,NA,1,"Austria1983",NA
"34","Austria",1986,0,0.0299999993294477,0.779999971389771,NA,1,"Austria1986",NA
"35","Austria",1991,0,0.0299999993294477,0.779999971389771,NA,1,"Austria1991",NA
"36","Austria",1994,1,0.0299999993294477,0.779999971389771,NA,1,"Austria1994",NA
"37","Austria",1995,0,0.0299999993294477,0.779999971389771,NA,1,"Austria1995",NA
"38","Austria",1999,0,0.0299999993294477,0.779999971389771,NA,1,"Austria1999",NA
"39","Belgium",1949,0,0,0.439999997615814,NA,0,"Belgium1949",NA
"40","Belgium",1950,0,0,0.439999997615814,NA,0,"Belgium1950",NA
"41","Belgium",1954,1,0,0.439999997615814,NA,0,"Belgium1954",NA
"42","Belgium",1958,0,0,0.439999997615814,NA,0,"Belgium1958",NA
"43","Belgium",1961,0,0,0.439999997615814,NA,0,"Belgium1961",NA
"44","Belgium",1965,4,0,0.439999997615814,NA,0,"Belgium1965",NA
"45","Belgium",1968,0,0,0.439999997615814,NA,0,"Belgium1968",NA
"46","Belgium",1971,1,0,0.439999997615814,NA,0,"Belgium1971",NA
"47","Belgium",1974,2,0,0.439999997615814,NA,0,"Belgium1974",NA
"48","Belgium",1977,3,0,0.439999997615814,NA,0,"Belgium1977",NA
"49","Belgium",1978,1,0,0.439999997615814,NA,0,"Belgium1978",NA
"50","Belgium",1981,0,0,0.439999997615814,NA,0,"Belgium1981",NA
"51","Belgium",1985,2,0,0.439999997615814,NA,0,"Belgium1985",NA
"52","Belgium",1987,0,0,0.439999997615814,NA,0,"Belgium1987",NA
"53","Belgium",1991,2,0,0.439999997615814,NA,0,"Belgium1991",NA
"54","Belgium",1995,0,0,0.439999997615814,NA,0,"Belgium1995",NA
"55","Belgium",1999,0,0,0.439999997615814,NA,0,"Belgium1999",NA
"56","Canada",1949,0,0,0.230000004172325,NA,0,"Canada1949",NA
"57","Canada",1953,0,0,0.230000004172325,NA,0,"Canada1953",NA
"58","Canada",1957,0,0,0.230000004172325,NA,0,"Canada1957",NA
"59","Canada",1958,0,0,0.230000004172325,NA,0,"Canada1958",NA
"60","Canada",1962,0,0,0.230000004172325,NA,0,"Canada1962",NA
"61","Canada",1963,0,0,0.230000004172325,NA,0,"Canada1963",NA
"62","Canada",1965,1,0,0.230000004172325,NA,0,"Canada1965",NA
"63","Canada",1968,0,0.0599999986588955,0.230000004172325,NA,0,"Canada1968",NA
"64","Canada",1972,1,0.0399999991059303,0.230000004172325,NA,0,"Canada1972",NA
"65","Canada",1974,1,0.0299999993294477,0.230000004172325,NA,0,"Canada1974",NA
"66","Canada",1979,2,0.0199999995529652,0.230000004172325,NA,0,"Canada1979",NA
"67","Canada",1980,2,0.0199999995529652,0.230000004172325,NA,0,"Canada1980",NA
"68","Canada",1984,4,0.00999999977648258,0.230000004172325,NA,0,"Canada1984",NA
"69","Canada",1988,5,0.00999999977648258,0.230000004172325,NA,0,"Canada1988",NA
"70","Canada",1993,NA,0,0.230000004172325,NA,0,"Canada1993",NA
"71","Canada",1997,1,0,0.230000004172325,NA,0,"Canada1997",NA
"72","Canada",2000,2,0,0.230000004172325,NA,0,"Canada2000",NA
"73","Denmark",1947,0,0,0.959999978542328,NA,1,"Denmark1947",NA
"74","Denmark",1950,0,0,0.959999978542328,NA,1,"Denmark1950",NA
"75","Denmark",1953,0,0,0.959999978542328,NA,1,"Denmark1953",NA
"76","Denmark",1953,1,0,0.959999978542328,NA,1,"Denmark1953.5",NA
"77","Denmark",1957,0,0,0.959999978542328,NA,1,"Denmark1957",NA
"78","Denmark",1960,1,0,0.959999978542328,NA,1,"Denmark1960",NA
"79","Denmark",1964,0,0,0.959999978542328,NA,1,"Denmark1964",NA
"80","Denmark",1966,1,0,0.959999978542328,NA,1,"Denmark1966",NA
"81","Denmark",1968,1,0,0.959999978542328,NA,1,"Denmark1968",NA
"82","Denmark",1971,1,0,0.959999978542328,NA,1,"Denmark1971",NA
"83","Denmark",1973,2,0,0.959999978542328,NA,1,"Denmark1973",NA
"84","Denmark",1975,0,0,0.959999978542328,NA,1,"Denmark1975",NA
"85","Denmark",1977,1,0,0.959999978542328,NA,1,"Denmark1977",NA
"86","Denmark",1979,1,0,0.959999978542328,NA,1,"Denmark1979",NA
"87","Denmark",1981,1,0,0.959999978542328,NA,1,"Denmark1981",NA
"88","Denmark",1984,1,0,0.959999978542328,NA,1,"Denmark1984",NA
"89","Denmark",1987,3,0,0.959999978542328,NA,1,"Denmark1987",NA
"90","Denmark",1988,0,0,0.959999978542328,NA,1,"Denmark1988",NA
"91","Denmark",1990,0,0,0.959999978542328,NA,1,"Denmark1990",NA
"92","Denmark",1994,0,0,0.959999978542328,NA,1,"Denmark1994",NA
"93","Denmark",1998,1,0,0.959999978542328,NA,1,"Denmark1998",NA
"94","Denmark",2001,0,0,0.959999978542328,NA,1,"Denmark2001",NA
"95","Finland",1951,1,0,0.870000004768372,NA,1,"Finland1951",NA
"96","Finland",1954,0,0,0.870000004768372,NA,1,"Finland1954",NA
"97","Finland",1958,2,0,0.870000004768372,NA,1,"Finland1958",NA
"98","Finland",1962,1,0,0.870000004768372,NA,1,"Finland1962",NA
"99","Finland",1966,0,0,0.870000004768372,NA,1,"Finland1966",NA
"100","Finland",1970,0,0,0.870000004768372,NA,1,"Finland1970",NA
"101","Finland",1972,0,0,0.870000004768372,NA,1,"Finland1972",NA
"102","Finland",1975,4,0,0.870000004768372,NA,1,"Finland1975",NA
"103","Finland",1979,0,0,0.870000004768372,NA,1,"Finland1979",NA
"104","Finland",1983,2,0,0.870000004768372,NA,1,"Finland1983",NA
"105","Finland",1987,2,0,0.870000004768372,NA,1,"Finland1987",NA
"106","Finland",1991,0,0,0.870000004768372,NA,1,"Finland1991",NA
"107","Finland",1995,0,0,0.870000004768372,NA,1,"Finland1995",NA
"108","Finland",1999,0,0,0.870000004768372,NA,1,"Finland1999",NA
"109","France",1951,2,0.340000003576279,0.899999976158142,NA,0,"France1951",NA
"110","France",1956,1,0.25,0.899999976158142,NA,0,"France1956",NA
"111","France",1958,1,0.180000007152557,0.899999976158142,NA,0,"France1958",NA
"112","France",1962,1,0.129999995231628,0.899999976158142,NA,0,"France1962",NA
"113","France",1967,2,0.0900000035762787,0.899999976158142,NA,0,"France1967",NA
"114","France",1968,0,0.0799999982118607,0.899999976158142,NA,0,"France1968",NA
"115","France",1973,4,0.0500000007450581,0.899999976158142,NA,0,"France1973",NA
"116","France",1978,9,0.0199999995529652,0.899999976158142,NA,0,"France1978",NA
"117","France",1981,2,0.0199999995529652,0.899999976158142,NA,0,"France1981",NA
"118","France",1986,2,0.00999999977648258,0.899999976158142,NA,0,"France1986",NA
"119","France",1988,0,0.00999999977648258,0.899999976158142,NA,0,"France1988",NA
"120","France",1993,0,0.00999999977648258,0.899999976158142,NA,0,"France1993",NA
"121","France",1997,0,0.00999999977648258,0.899999976158142,NA,0,"France1997",NA
"122","France",2002,0,0.00999999977648258,0.899999976158142,NA,0,"France2002",NA
"123","Germany",1953,2,0,0.839999973773956,NA,1,"Germany1953",NA
"124","Germany",1957,0,0,0.839999973773956,NA,1,"Germany1957",NA
"125","Germany",1961,2,0,0.839999973773956,NA,1,"Germany1961",NA
"126","Germany",1965,1,0,0.839999973773956,NA,1,"Germany1965",NA
"127","Germany",1969,1,0,0.839999973773956,NA,1,"Germany1969",NA
"128","Germany",1972,2,0,0.839999973773956,NA,1,"Germany1972",NA
"129","Germany",1976,2,0,0.839999973773956,NA,1,"Germany1976",NA
"130","Germany",1980,4,0,0.839999973773956,NA,1,"Germany1980",NA
"131","Germany",1983,3,0,0.839999973773956,NA,1,"Germany1983",NA
"132","Germany",1987,3,0,0.839999973773956,NA,1,"Germany1987",NA
"133","Germany",1990,1,0,0.839999973773956,NA,1,"Germany1990",NA
"134","Greece",1977,5,0,0.959999978542328,NA,0,"Greece1977",NA
"135","Greece",1981,2,0.0399999991059303,0.959999978542328,NA,0,"Greece1981",NA
"136","Greece",1985,2,0.0199999995529652,0.959999978542328,NA,0,"Greece1985",NA
"137","Greece",1989,3,0.00999999977648258,0.959999978542328,NA,0,"Greece1989",NA
"138","Greece",1989,3,0.00999999977648258,0.959999978542328,NA,0,"Greece1989.5",NA
"139","Greece",1990,0,0.0199999995529652,0.959999978542328,NA,0,"Greece1990",NA
"140","Greece",1993,1,0.0199999995529652,0.959999978542328,NA,0,"Greece1993",NA
"141","Greece",1996,1,0.0199999995529652,0.959999978542328,NA,0,"Greece1996",NA
"142","Greece",2000,0,0.0199999995529652,0.959999978542328,NA,0,"Greece2000",NA
"143","Iceland",1949,0,0,0.889999985694885,NA,0,"Iceland1949",NA
"144","Iceland",1953,2,0,0.889999985694885,NA,0,"Iceland1953",NA
"145","Iceland",1956,0,0,0.889999985694885,NA,0,"Iceland1956",NA
"146","Iceland",1959,0,0,0.889999985694885,NA,0,"Iceland1959",NA
"147","Iceland",1959,0,0,0.889999985694885,NA,0,"Iceland1959.5",NA
"148","Iceland",1963,0,0,0.889999985694885,NA,0,"Iceland1963",NA
"149","Iceland",1967,2,0,0.889999985694885,NA,0,"Iceland1967",NA
"150","Iceland",1971,1,0,0.889999985694885,NA,0,"Iceland1971",NA
"151","Iceland",1974,0,0,0.889999985694885,NA,0,"Iceland1974",NA
"152","Iceland",1978,1,0,0.889999985694885,NA,0,"Iceland1978",NA
"153","Iceland",1979,0,0,0.889999985694885,NA,0,"Iceland1979",NA
"154","Iceland",1983,2,0,0.889999985694885,NA,0,"Iceland1983",NA
"155","Iceland",1987,4,0,0.889999985694885,NA,0,"Iceland1987",NA
"156","Iceland",1991,4,0,0.889999985694885,NA,0,"Iceland1991",NA
"157","Iceland",1995,1,0,0.889999985694885,NA,0,"Iceland1995",NA
"158","Iceland",1999,3,0,0.889999985694885,NA,0,"Iceland1999",NA
"159","Ireland",1951,0,0,0.949999988079071,NA,0,"Ireland1951",NA
"160","Ireland",1954,0,0,0.949999988079071,NA,0,"Ireland1954",NA
"161","Ireland",1957,0,0,0.949999988079071,NA,0,"Ireland1957",NA
"162","Ireland",1961,1,0,0.949999988079071,NA,0,"Ireland1961",NA
"163","Ireland",1965,0,0.28999999165535,0.949999988079071,NA,0,"Ireland1965",NA
"164","Ireland",1969,1,0.200000002980232,0.949999988079071,NA,0,"Ireland1969",NA
"165","Ireland",1973,2,0.109999999403954,0.949999988079071,NA,0,"Ireland1973",NA
"166","Ireland",1977,3,0.0599999986588955,0.949999988079071,NA,0,"Ireland1977",NA
"167","Ireland",1981,3,0.0299999993294477,0.949999988079071,NA,0,"Ireland1981",NA
"168","Ireland",1982,2,0.0299999993294477,0.949999988079071,NA,0,"Ireland1982",NA
"169","Ireland",1982,0,0.0299999993294477,0.949999988079071,NA,0,"Ireland1982.5",NA
"170","Ireland",1987,2,0.0199999995529652,0.949999988079071,NA,0,"Ireland1987",NA
"171","Ireland",1989,0,0.0199999995529652,0.949999988079071,NA,0,"Ireland1989",NA
"172","Ireland",1992,1,0.0199999995529652,0.949999988079071,NA,0,"Ireland1992",NA
"173","Ireland",1997,1,0.0199999995529652,0.949999988079071,NA,0,"Ireland1997",NA
"174","Ireland",2002,0,0.0199999995529652,0.949999988079071,NA,0,"Ireland2002",NA
"175","Italy",1953,0,0,0.949999988079071,NA,1,"Italy1953",NA
"176","Italy",1958,3,0,0.949999988079071,NA,1,"Italy1958",NA
"177","Italy",1963,0,0,0.949999988079071,NA,1,"Italy1963",NA
"178","Italy",1968,1,0,0.949999988079071,NA,1,"Italy1968",NA
"179","Italy",1972,2,0,0.949999988079071,NA,1,"Italy1972",NA
"180","Italy",1976,4,0,0.949999988079071,NA,1,"Italy1976",NA
"181","Italy",1979,2,0,0.949999988079071,NA,1,"Italy1979",NA
"182","Italy",1983,3,0,0.949999988079071,NA,1,"Italy1983",NA
"183","Italy",1987,5,0,0.949999988079071,NA,1,"Italy1987",NA
"184","Italy",1992,1,0,0.949999988079071,NA,1,"Italy1992",NA
"185","Italy",1994,NA,0,0.949999988079071,NA,1,"Italy1994",NA
"186","Italy",1996,1,0,0.949999988079071,NA,1,"Italy1996",NA
"187","Italy",2001,1,0,0.949999988079071,NA,1,"Italy2001",NA
"188","Luxemburg",1948,0,0,0.870000004768372,NA,0,"Luxemburg1948",NA
"189","Luxemburg",1951,0,0,0.870000004768372,NA,0,"Luxemburg1951",NA
"190","Luxemburg",1954,1,0,0.870000004768372,NA,0,"Luxemburg1954",NA
"191","Luxemburg",1959,0,0,0.870000004768372,NA,0,"Luxemburg1959",NA
"192","Luxemburg",1964,1,0,0.870000004768372,NA,0,"Luxemburg1964",NA
"193","Luxemburg",1968,0,0,0.870000004768372,NA,0,"Luxemburg1968",NA
"194","Luxemburg",1974,1,0,0.870000004768372,NA,0,"Luxemburg1974",NA
"195","Luxemburg",1979,4,0,0.870000004768372,NA,0,"Luxemburg1979",NA
"196","Luxemburg",1984,1,0,0.870000004768372,NA,0,"Luxemburg1984",NA
"197","Luxemburg",1989,3,0,0.870000004768372,NA,0,"Luxemburg1989",NA
"198","Luxemburg",1994,0,0,0.870000004768372,NA,0,"Luxemburg1994",NA
"199","Luxemburg",1999,0,0,0.870000004768372,NA,0,"Luxemburg1999",NA
"200","New Zealand",1949,0,0,0.569999992847443,NA,0,"New Zealand1949",NA
"201","New Zealand",1951,0,0,0.569999992847443,NA,0,"New Zealand1951",NA
"202","New Zealand",1954,1,0,0.569999992847443,NA,0,"New Zealand1954",NA
"203","New Zealand",1957,0,0,0.569999992847443,NA,0,"New Zealand1957",NA
"204","New Zealand",1960,0,0,0.569999992847443,NA,0,"New Zealand1960",NA
"205","New Zealand",1963,0,0,0.569999992847443,NA,0,"New Zealand1963",NA
"206","New Zealand",1966,0,0,0.569999992847443,NA,0,"New Zealand1966",NA
"207","New Zealand",1969,1,0,0.569999992847443,NA,0,"New Zealand1969",NA
"208","New Zealand",1972,3,0.0199999995529652,0.569999992847443,NA,0,"New Zealand1972",NA
"209","New Zealand",1975,0,0.00999999977648258,0.569999992847443,NA,0,"New Zealand1975",NA
"210","New Zealand",1979,0,0.00999999977648258,0.569999992847443,NA,0,"New Zealand1979",NA
"211","New Zealand",1981,1,0.00999999977648258,0.569999992847443,NA,0,"New Zealand1981",NA
"212","New Zealand",1984,1,0,0.569999992847443,NA,0,"New Zealand1984",NA
"213","New Zealand",1987,0,0,0.569999992847443,NA,0,"New Zealand1987",NA
"214","New Zealand",1990,0,0,0.569999992847443,NA,0,"New Zealand1990",NA
"215","New Zealand",1993,NA,0,0.569999992847443,NA,0,"New Zealand1993",NA
"216","New Zealand",1996,NA,0,0.569999992847443,NA,0,"New Zealand1996",NA
"217","New Zealand",1999,2,0,0.569999992847443,NA,0,"New Zealand1999",NA
"218","New Zealand",2002,2,0,0.569999992847443,NA,0,"New Zealand2002",NA
"219","Netherlands",1948,0,0,0.699999988079071,NA,1,"Netherlands1948",NA
"220","Netherlands",1952,1,0.46000000834465,0.699999988079071,NA,1,"Netherlands1952",NA
"221","Netherlands",1956,0,0.340000003576279,0.699999988079071,NA,1,"Netherlands1956",NA
"222","Netherlands",1959,2,0.300000011920929,0.699999988079071,NA,1,"Netherlands1959",NA
"223","Netherlands",1963,0,0.230000004172325,0.699999988079071,NA,1,"Netherlands1963",NA
"224","Netherlands",1967,2,0.150000005960464,0.699999988079071,NA,1,"Netherlands1967",NA
"225","Netherlands",1971,4,0.100000001490116,0.699999988079071,NA,1,"Netherlands1971",NA
"226","Netherlands",1972,1,0.0900000035762787,0.699999988079071,NA,1,"Netherlands1972",NA
"227","Netherlands",1977,1,0.0500000007450581,0.699999988079071,NA,1,"Netherlands1977",NA
"228","Netherlands",1981,2,0.0399999991059303,0.699999988079071,NA,1,"Netherlands1981",NA
"229","Netherlands",1982,0,0.0399999991059303,0.699999988079071,NA,1,"Netherlands1982",NA
"230","Netherlands",1986,2,0.0299999993294477,0.699999988079071,NA,1,"Netherlands1986",NA
"231","Netherlands",1989,1,0.769999980926514,0.699999988079071,NA,1,"Netherlands1989",NA
"232","Netherlands",1994,0,0.769999980926514,0.699999988079071,NA,1,"Netherlands1994",NA
"233","Netherlands",1998,0,0.769999980926514,0.699999988079071,NA,1,"Netherlands1998",NA
"234","Netherlands",2002,2,0.769999980926514,0.699999988079071,NA,1,"Netherlands2002",NA
"235","Norway",1949,0,0,0.959999978542328,NA,1,"Norway1949",NA
"236","Norway",1953,0,0,0.959999978542328,NA,1,"Norway1953",NA
"237","Norway",1957,0,0,0.959999978542328,NA,1,"Norway1957",NA
"238","Norway",1961,1,0,0.959999978542328,NA,1,"Norway1961",NA
"239","Norway",1965,0,0,0.959999978542328,NA,1,"Norway1965",NA
"240","Norway",1969,0,0,0.959999978542328,NA,1,"Norway1969",NA
"241","Norway",1973,6,0,0.959999978542328,NA,1,"Norway1973",NA
"242","Norway",1977,0,0,0.959999978542328,NA,1,"Norway1977",NA
"243","Norway",1981,0,0,0.959999978542328,NA,1,"Norway1981",NA
"244","Norway",1985,0,0,0.959999978542328,NA,1,"Norway1985",NA
"245","Norway",1989,3,0,0.959999978542328,NA,1,"Norway1989",NA
"246","Norway",1993,0,0,0.959999978542328,NA,1,"Norway1993",NA
"247","Norway",1997,0,0,0.959999978542328,NA,1,"Norway1997",NA
"248","Norway",2001,0,0,0.959999978542328,NA,1,"Norway2001",NA
"249","Portugal",1979,4,0,0.959999978542328,NA,1,"Portugal1979",NA
"250","Portugal",1980,2,0,0.959999978542328,NA,1,"Portugal1980",NA
"251","Portugal",1983,0,0,0.959999978542328,NA,1,"Portugal1983",NA
"252","Portugal",1985,1,0,0.959999978542328,NA,1,"Portugal1985",NA
"253","Portugal",1987,1,0,0.959999978542328,NA,1,"Portugal1987",NA
"254","Portugal",1991,3,0,0.959999978542328,NA,1,"Portugal1991",NA
"255","Portugal",1995,0,0,0.959999978542328,NA,1,"Portugal1995",NA
"256","Portugal",1999,1,0,0.959999978542328,NA,1,"Portugal1999",NA
"257","Portugal",2002,0,0,0.959999978542328,NA,1,"Portugal2002",NA
"258","Spain",1979,5,0,0.579999983310699,NA,1,"Spain1979",NA
"259","Spain",1982,4,0,0.579999983310699,NA,1,"Spain1982",NA
"260","Spain",1986,11,0,0.579999983310699,NA,1,"Spain1986",NA
"261","Spain",1989,10,0,0.579999983310699,NA,1,"Spain1989",NA
"262","Spain",1993,1,0,0.579999983310699,NA,1,"Spain1993",NA
"263","Spain",1996,1,0,0.579999983310699,NA,1,"Spain1996",NA
"264","Spain",2000,0,0,0.579999983310699,NA,1,"Spain2000",NA
"265","Sweden",1952,0,0,0.959999978542328,NA,1,"Sweden1952",NA
"266","Sweden",1956,1,0,0.959999978542328,NA,1,"Sweden1956",NA
"267","Sweden",1958,0,0,0.959999978542328,NA,1,"Sweden1958",NA
"268","Sweden",1960,0,0,0.959999978542328,NA,1,"Sweden1960",NA
"269","Sweden",1964,1,0,0.959999978542328,NA,1,"Sweden1964",NA
"270","Sweden",1968,1,0,0.959999978542328,NA,1,"Sweden1968",NA
"271","Sweden",1970,1,0,0.959999978542328,NA,1,"Sweden1970",NA
"272","Sweden",1973,0,0,0.959999978542328,NA,1,"Sweden1973",NA
"273","Sweden",1976,0,0,0.959999978542328,NA,1,"Sweden1976",NA
"274","Sweden",1979,1,0,0.959999978542328,NA,1,"Sweden1979",NA
"275","Sweden",1982,1,0,0.959999978542328,NA,1,"Sweden1982",NA
"276","Sweden",1985,0,0,0.959999978542328,NA,1,"Sweden1985",NA
"277","Sweden",1988,0,0,0.959999978542328,NA,1,"Sweden1988",NA
"278","Sweden",1991,1,0,0.959999978542328,NA,1,"Sweden1991",NA
"279","Sweden",1994,0,0,0.959999978542328,NA,1,"Sweden1994",NA
"280","Sweden",1998,0,0,0.959999978542328,NA,1,"Sweden1998",NA
"281","Sweden",2002,0,0,0.959999978542328,NA,1,"Sweden2002",NA
"282","Switzerland",1951,0,0,0.469999998807907,NA,0,"Switzerland1951",NA
"283","Switzerland",1955,0,0,0.469999998807907,NA,0,"Switzerland1955",NA
"284","Switzerland",1959,0,0,0.469999998807907,NA,0,"Switzerland1959",NA
"285","Switzerland",1963,0,0,0.469999998807907,NA,0,"Switzerland1963",NA
"286","Switzerland",1967,2,0,0.469999998807907,NA,0,"Switzerland1967",NA
"287","Switzerland",1971,4,0,0.469999998807907,NA,0,"Switzerland1971",NA
"288","Switzerland",1975,2,0,0.469999998807907,NA,0,"Switzerland1975",NA
"289","Switzerland",1979,1,0,0.469999998807907,NA,0,"Switzerland1979",NA
"290","Switzerland",1983,2,0,0.469999998807907,NA,0,"Switzerland1983",NA
"291","Switzerland",1987,2,0,0.469999998807907,NA,0,"Switzerland1987",NA
"292","Switzerland",1991,1,0,0.469999998807907,NA,0,"Switzerland1991",NA
"293","Switzerland",1995,0,0,0.469999998807907,NA,0,"Switzerland1995",NA
"294","Switzerland",1999,0,0,0.469999998807907,NA,0,"Switzerland1999",NA
"295","United Kingdom",1950,1,0.560000002384186,0.680000007152557,NA,1,"United Kingdom1950",NA
"296","United Kingdom",1951,0,0.509999990463257,0.680000007152557,NA,1,"United Kingdom1951",NA
"297","United Kingdom",1955,1,0.389999985694885,0.680000007152557,NA,1,"United Kingdom1955",NA
"298","United Kingdom",1959,0,0.319999992847443,0.680000007152557,NA,1,"United Kingdom1959",NA
"299","United Kingdom",1964,1,0.239999994635582,0.680000007152557,NA,1,"United Kingdom1964",NA
"300","United Kingdom",1966,0,0.209999993443489,0.680000007152557,NA,1,"United Kingdom1966",NA
"301","United Kingdom",1970,2,0.159999996423721,0.680000007152557,NA,1,"United Kingdom1970",NA
"302","United Kingdom",1974,6,0.100000001490116,0.680000007152557,NA,1,"United Kingdom1974",NA
"303","United Kingdom",1974,0,0.100000001490116,0.680000007152557,NA,1,"United Kingdom1974.5",NA
"304","United Kingdom",1979,11,0.0399999991059303,0.680000007152557,NA,1,"United Kingdom1979",NA
"305","United Kingdom",1983,3,0.0299999993294477,0.680000007152557,NA,1,"United Kingdom1983",NA
"306","United Kingdom",1987,4,0.0700000002980232,0.680000007152557,NA,1,"United Kingdom1987",NA
"307","United Kingdom",1992,0,0.0700000002980232,0.680000007152557,NA,1,"United Kingdom1992",NA
"308","United Kingdom",1997,0,0.0700000002980232,0.680000007152557,NA,1,"United Kingdom1997",NA
"309","United Kingdom",2001,0,0.0700000002980232,0.680000007152557,NA,1,"United Kingdom2001",NA
"310","United States",1952,2,0,0.610000014305115,NA,1,"United States1952",NA
"311","United States",1956,2,0,0.610000014305115,NA,1,"United States1956",NA
"312","United States",1960,3,0,0.610000014305115,NA,1,"United States1960",NA
"313","United States",1964,3,0,0.610000014305115,NA,1,"United States1964",NA
"314","United States",1968,5,0,0.610000014305115,NA,1,"United States1968",NA
"315","United States",1972,2,0,0.610000014305115,NA,1,"United States1972",NA
"316","United States",1976,4,0,0.610000014305115,NA,1,"United States1976",NA
"317","United States",1980,7,0,0.610000014305115,NA,1,"United States1980",NA
"318","United States",1984,5,0,0.610000014305115,NA,1,"United States1984",NA
"319","United States",1988,2,0,0.610000014305115,NA,1,"United States1988",NA
"320","United States",1992,4,0,0.610000014305115,NA,1,"United States1992",NA
"321","United States",1996,2,0,0.610000014305115,NA,1,"United States1996",NA
"322","United States",2000,1,0,0.610000014305115,NA,1,"United States2000",NA
"323","Albania",2005,5,NA,NA,17.8892072,NA,"Albania2005",17.8892072
"324","Albania",2009,1,NA,NA,1.606265502,NA,"Albania2009",1.606265502
"325","Armenia",1995,10,NA,NA,37.07396707,NA,"Armenia1995",37.07396707
"326","Armenia",1999,10,NA,NA,25.58557442,NA,"Armenia1999",25.58557442
"327","Armenia",2003,8,NA,NA,17.22999954,NA,"Armenia2003",17.22999954
"328","Bosnia and Herzegovina",2006,2,NA,NA,6,NA,"Bosnia and Herzegovina2006",6
"329","Bosnia and Herzegovina",2010,1,NA,NA,9.2,NA,"Bosnia and Herzegovina2010",9.2
"330","Bulgaria",1991,9,NA,NA,13.18999958,NA,"Bulgaria1991",13.18999958
"331","Bulgaria",1994,4,NA,NA,3.339999914,NA,"Bulgaria1994",3.339999914
"332","Bulgaria",1997,2,NA,NA,6.559999943,NA,"Bulgaria1997",6.559999943
"333","Bulgaria",2001,5,NA,NA,52.63000107,NA,"Bulgaria2001",52.63000107
"334","Bulgaria",2005,5,NA,NA,20.30973278,NA,"Bulgaria2005",20.30973278
"335","Bulgaria",2009,3,NA,NA,43.49722232,NA,"Bulgaria2009",43.49722232
"336","Croatia",1992,4,NA,NA,10.24584511,NA,"Croatia1992",10.24584511
"337","Croatia",1995,3,NA,NA,5.977147103,NA,"Croatia1995",5.977147103
"338","Croatia",2000,4,NA,NA,4.430953975,NA,"Croatia2000",4.430953975
"339","Croatia",2003,1,NA,NA,1.003321141,NA,"Croatia2003",1.003321141
"340","Croatia",2007,1,NA,NA,1.797144383,NA,"Croatia2007",1.797144383
"341","Croatia",2011,3,NA,NA,10.88986762,NA,"Croatia2011",10.88986762
"342","Czech Republic",1992,9,NA,NA,29.68000031,NA,"Czech Republic1992",29.68000031
"343","Czech Republic",1996,1,NA,NA,2.799999952,NA,"Czech Republic1996",2.799999952
"344","Czech Republic",1998,1,NA,NA,8.600000381,NA,"Czech Republic1998",8.600000381
"345","Czech Republic",2002,3,NA,NA,4.619999886,NA,"Czech Republic2002",4.619999886
"346","Czech Republic",2006,1,NA,NA,0.686262193,NA,"Czech Republic2006",0.686262193
"347","Czech Republic",2010,6,NA,NA,34.61366479,NA,"Czech Republic2010",34.61366479
"348","Estonia",1992,NA,NA,NA,NA,NA,"Estonia1992",NA
"349","Estonia",1995,8,NA,NA,26.86000061,NA,"Estonia1995",26.86000061
"350","Estonia",1999,1,NA,NA,2.809999943,NA,"Estonia1999",2.809999943
"351","Estonia",2003,1,NA,NA,24.60000038,NA,"Estonia2003",24.60000038
"352","Estonia",2007,1,NA,NA,7.1,NA,"Estonia2007",7.1
"353","Estonia",2011,0,NA,NA,0,NA,"Estonia2011",0
"354","Georgia",1995,NA,NA,NA,NA,NA,"Georgia1995",NA
"355","Georgia",1999,5,NA,NA,54.77999878,NA,"Georgia1999",54.77999878
"356","Georgia",2004,NA,NA,NA,NA,NA,"Georgia2004",NA
"357","Georgia",2008,2,NA,NA,9.55,NA,"Georgia2008",9.55
"358","Georgia",2012,0,NA,NA,0,NA,"Georgia2012",0
"359","Hungary",1994,3,NA,NA,4.659999847,NA,"Hungary1994",4.659999847
"360","Hungary",1998,2,NA,NA,1.830000043,NA,"Hungary1998",1.830000043
"361","Hungary",2002,1,NA,NA,3.900000095,NA,"Hungary2002",3.900000095
"362","Hungary",2006,0,NA,NA,0,NA,"Hungary2006",0
"363","Hungary",2010,2,NA,NA,8.372847626,NA,"Hungary2010",8.372847626
"364","Latvia",1993,NA,NA,NA,NA,NA,"Latvia1993",NA
"365","Latvia",1995,3,NA,NA,17.34000015,NA,"Latvia1995",17.34000015
"366","Latvia",1998,4,NA,NA,30.29000092,NA,"Latvia1998",30.29000092
"367","Latvia",2002,4,NA,NA,29.45000076,NA,"Latvia2002",29.45000076
"368","Latvia",2006,3,NA,NA,3.565514909,NA,"Latvia2006",3.565514909
"369","Latvia",2010,3,NA,NA,3.063160892,NA,"Latvia2010",3.063160892
"370","Latvia",2011,1,NA,NA,21.01443052,NA,"Latvia2011",21.01443052
"371","Lithuania",1992,NA,NA,NA,NA,NA,"Lithuania1992",NA
"372","Lithuania",1996,6,NA,NA,11.89000034,NA,"Lithuania1996",11.89000034
"373","Lithuania",2000,5,NA,NA,23.61000061,NA,"Lithuania2000",23.61000061
"374","Lithuania",2004,4,NA,NA,42.25999832,NA,"Lithuania2004",42.25999832
"375","Lithuania",2008,5,NA,NA,28.9026745,NA,"Lithuania2008",28.9026745
"376","Lithuania",2012,2,NA,NA,10.51452263,NA,"Lithuania2012",10.51452263
"377","Macedonia",1994,NA,NA,NA,NA,NA,"Macedonia1994",NA
"378","Macedonia",1998,2,NA,NA,11.56762528,NA,"Macedonia1998",11.56762528
"379","Macedonia",2002,5,NA,NA,17.41201301,NA,"Macedonia2002",17.41201301
"380","Macedonia",2006,8,NA,NA,20.53461086,NA,"Macedonia2006",20.53461086
"381","Macedonia",2008,1,NA,NA,2.357772259,NA,"Macedonia2008",2.357772259
"382","Macedonia",2011,1,NA,NA,1.915015515,NA,"Macedonia2011",1.915015515
"383","Moldova",1994,NA,NA,NA,NA,NA,"Moldova1994",NA
"384","Moldova",1998,8,NA,NA,55.54999924,NA,"Moldova1998",55.54999924
"385","Moldova",2001,7,NA,NA,3.519999981,NA,"Moldova2001",3.519999981
"386","Moldova",2005,0,NA,NA,0,NA,"Moldova2005",0
"387","Moldova",2009,2,NA,NA,13.44061852,NA,"Moldova2009",13.44061852
"388","Moldova",2010,1,NA,NA,0.900271174,NA,"Moldova2010",0.900271174
"389","Montenegro",2006,5,NA,NA,32.99954255,NA,"Montenegro2006",32.99954255
"390","Montenegro",2009,3,NA,NA,3.93713425,NA,"Montenegro2009",3.93713425
"391","Montenegro",2012,1,NA,NA,8.4,NA,"Montenegro2012",8.4
"392","Poland",1993,4,NA,NA,18.17000008,NA,"Poland1993",18.17000008
"393","Poland",1997,4,NA,NA,10.72999954,NA,"Poland1997",10.72999954
"394","Poland",2001,3,NA,NA,30.37999916,NA,"Poland2001",30.37999916
"395","Poland",2005,5,NA,NA,10.5,NA,"Poland2005",10.5
"396","Poland",2007,0,NA,NA,0,NA,"Poland2007",0
"397","Poland",2011,2,NA,NA,12.21255182,NA,"Poland2011",12.21255182
"398","Romania",1992,6,NA,NA,34.36999893,NA,"Romania1992",34.36999893
"399","Romania",1996,7,NA,NA,8.350000381,NA,"Romania1996",8.350000381
"400","Romania",2000,3,NA,NA,6.300000191,NA,"Romania2000",6.300000191
"401","Romania",2004,4,NA,NA,4.626399994,NA,"Romania2004",4.626399994
"402","Romania",2008,0,NA,NA,0,NA,"Romania2008",0
"403","Romania",2012,2,NA,NA,15.01802756,NA,"Romania2012",15.01802756
"404","Russia",1993,NA,NA,NA,NA,NA,"Russia1993",NA
"405","Russia",1995,14,NA,NA,30.54000092,NA,"Russia1995",30.54000092
"406","Russia",1999,13,NA,NA,51.91999817,NA,"Russia1999",51.91999817
"407","Serbia-Montenegro",2003,1,NA,NA,11.5,NA,"Serbia-Montenegro2003",11.5
"408","Serbia",2007,2,NA,NA,8.4,NA,"Serbia2007",8.4
"409","Serbia",2008,0,NA,NA,0,NA,"Serbia2008",0
"410","Serbia",2012,1,NA,NA,24,NA,"Serbia2012",24
"411","Slovakia",1992,7,NA,NA,50.04999924,NA,"Slovakia1992",50.04999924
"412","Slovakia",1994,6,NA,NA,21.68000031,NA,"Slovakia1994",21.68000031
"413","Slovakia",1998,2,NA,NA,8.5,NA,"Slovakia1998",8.5
"414","Slovakia",2002,8,NA,NA,31.87999916,NA,"Slovakia2002",31.87999916
"415","Slovakia",2006,2,NA,NA,4.105614121,NA,"Slovakia2006",4.105614121
"416","Slovakia",2010,4,NA,NA,22.27561245,NA,"Slovakia2010",22.27561245
"417","Slovakia",2012,3,NA,NA,11.45,NA,"Slovakia2012",11.45
"418","Slovenia",1992,7,NA,NA,17.42000008,NA,"Slovenia1992",17.42000008
"419","Slovenia",1996,2,NA,NA,1.059999943,NA,"Slovenia1996",1.059999943
"420","Slovenia",2000,3,NA,NA,13.73999977,NA,"Slovenia2000",13.73999977
"421","Slovenia",2004,4,NA,NA,6.559999943,NA,"Slovenia2004",6.559999943
"422","Slovenia",2008,3,NA,NA,12.13421979,NA,"Slovenia2008",12.13421979
"423","Slovenia",2011,3,NA,NA,37.45353218,NA,"Slovenia2011",37.45353218
"424","Ukraine",1994,NA,NA,NA,NA,NA,"Ukraine1994",NA
"425","Ukraine",1998,12,NA,NA,27.37999916,NA,"Ukraine1998",27.37999916
"426","Ukraine",2002,6,NA,NA,11.21000004,NA,"Ukraine2002",11.21000004
"427","Ukraine",2006,0,NA,NA,0,NA,"Ukraine2006",0
"428","Ukraine",2007,0,NA,NA,0,NA,"Ukraine2007",0
"429","Ukraine",2012,1,NA,NA,1.1,NA,"Ukraine2012",1.1
