"","edate","date","cmp.wpsd.s","cmp.uwpsd.s","year","uid"
"1","31-03-1991",199103,0.320856415673669,0.421252510056976,"1991","Albania1991"
"2","22-03-1992",199203,0.586092581526981,0.902442114092449,"1992","Albania1992"
"3","26-05-1996",199605,0.561974855651225,1.43558488681077,"1996","Albania1996"
"4","29-06-1997",199706,0.837154511547302,1.13205358688066,"1997","Albania1997"
"5","24-06-2001",200106,1.7426496059021,2.530732504791,"2001","Albania2001"
"6","05-07-1995",199507,0.996462871844052,1.38529702368411,"1995","Armenia1995"
"7","30-05-1999",199905,0.865040792602775,1.00967015133195,"1999","Armenia1999"
"8","25-05-2003",200305,1.43851391660741,1.32594853594906,"2003","Armenia2003"
"9","12-05-2007",200705,1.23811634912987,1.68914339390081,"2007","Armenia2007"
"10","06-05-2012",201205,0.145799789933654,0.18834265119254,"2012","Armenia2012"
"11","28-09-1946",194609,1.03063453951224,1.51207729237221,"1946","Australia1946"
"12","10-12-1949",194912,1.36141625044234,1.59894287691065,"1949","Australia1949"
"13","28-04-1951",195104,1.6798402468537,1.51139515852747,"1951","Australia1951"
"14","29-05-1954",195405,1.41076613667464,2.42444111740219,"1954","Australia1954"
"15","10-12-1955",195512,1.86520944301997,1.98941629459646,"1955","Australia1955"
"16","22-11-1958",195811,0.943449659193018,1.08834047951652,"1958","Australia1958"
"17","09-12-1961",196112,0.805061217546806,0.850932681920403,"1961","Australia1961"
"18","30-11-1963",196311,0.543955596762136,0.788949665704372,"1963","Australia1963"
"19","26-11-1966",196611,0.498299981549869,0.81603721707714,"1966","Australia1966"
"20","25-10-1969",196910,0.747531534248362,1.06901868882976,"1969","Australia1969"
"21","02-12-1972",197212,0.812979488991194,0.908792794305858,"1972","Australia1972"
"22","18-05-1974",197405,1.5634436525085,1.63283130497122,"1974","Australia1974"
"23","13-12-1975",197512,1.22050455708346,1.11436065609066,"1975","Australia1975"
"24","10-12-1977",197712,0.915309768080556,0.984630534807906,"1977","Australia1977"
"25","18-10-1980",198010,0.743861850048664,0.76302209119441,"1980","Australia1980"
"26","05-03-1983",198303,0.614772574563283,0.837840699577329,"1983","Australia1983"
"27","01-12-1984",198412,0.729392371742927,0.759273059708271,"1984","Australia1984"
"28","11-07-1987",198707,0.813594013600121,0.967656822151198,"1987","Australia1987"
"29","24-03-1990",199003,1.04811147881173,1.06201385916928,"1990","Australia1990"
"30","13-03-1993",199303,1.05498892821076,1.45061833594511,"1993","Australia1993"
"31","02-03-1996",199603,0.626134346959402,0.729012365665276,"1996","Australia1996"
"32","03-10-1998",199810,1.08981525276684,1.4488754050656,"1998","Australia1998"
"33","10-11-2001",200111,1.21110994307599,1.22384253655992,"2001","Australia2001"
"34","09-10-2004",200410,1.27543136507464,1.65434269815366,"2004","Australia2004"
"35","24-11-2007",200711,1.20001348394787,1.4302757693862,"2007","Australia2007"
"36","21-08-2010",201008,1.76233564709253,1.6887151835474,"2010","Australia2010"
"37","07-09-2013",201309,1.10706415263459,1.15390817276134,"2013","Australia2013"
"38","09-10-1949",194910,1.08580149098051,0.961072571591099,"1949","Austria1949"
"39","22-02-1953",195302,1.10007758002705,0.989014237040972,"1953","Austria1953"
"40","13-05-1956",195605,1.52085409633399,1.35615024887958,"1956","Austria1956"
"41","10-05-1959",195905,0.986139832831618,0.995054808292769,"1959","Austria1959"
"42","18-11-1962",196211,0.678659903014403,0.761662132937345,"1962","Austria1962"
"43","06-03-1966",196603,0.608752461562345,0.740798028873079,"1966","Austria1966"
"44","01-03-1970",197003,1.14608848205412,0.973218358304999,"1970","Austria1970"
"45","10-10-1971",197110,0.951633156083557,0.850105792727554,"1971","Austria1971"
"46","05-10-1975",197510,0.533800058842036,0.460752095116122,"1975","Austria1975"
"47","06-05-1979",197905,0.290569188020822,0.323662986575382,"1979","Austria1979"
"48","24-04-1983",198304,0.625610835185237,0.938636398027884,"1983","Austria1983"
"49","23-11-1986",198611,0.905640117138085,0.91037352949356,"1986","Austria1986"
"50","07-10-1990",199010,0.473916044438747,0.56192129514111,"1990","Austria1990"
"51","09-10-1994",199410,1.15386442856622,1.07295086764348,"1994","Austria1994"
"52","17-12-1995",199512,0.773938870440466,0.947598829533215,"1995","Austria1995"
"53","03-10-1999",199910,0.956720741156098,0.896041384746671,"1999","Austria1999"
"54","24-11-2002",200211,0.423984446748515,0.465488867982813,"2002","Austria2002"
"55","01-10-2006",200610,0.373903323365131,0.407614618546349,"2006","Austria2006"
"56","28-09-2008",200809,0.424623799737522,0.385955671912828,"2008","Austria2008"
"57","12-11-1995",199511,0.745581594711594,1.1481405041632,"1995","Azerbaijan1995"
"58","05-11-2000",200011,0.843381800980862,1.23878384525667,"2000","Azerbaijan2000"
"59","17-02-1946",194602,1.22748602057636,1.21540388271876,"1946","Belgium1946"
"60","29-06-1949",194906,1.50262155498212,1.85381219622082,"1949","Belgium1949"
"61","04-06-1950",195006,0.591603344556202,0.867057187205796,"1950","Belgium1950"
"62","11-04-1954",195404,1.1857874402395,1.4143854558988,"1954","Belgium1954"
"63","01-06-1958",195806,0.454816704372772,0.573257465810347,"1958","Belgium1958"
"64","26-03-1961",196103,0.633052729968875,0.92767395359786,"1961","Belgium1961"
"65","23-05-1965",196505,0.809680984614508,0.856861283556833,"1965","Belgium1965"
"66","31-03-1968",196803,0.813184827582625,0.741378340983803,"1968","Belgium1968"
"67","07-11-1971",197111,0.485509635209582,0.768888041860012,"1971","Belgium1971"
"68","10-03-1974",197403,0.902609161767314,0.983648852757905,"1974","Belgium1974"
"69","17-04-1977",197704,0.623564447889079,0.744477506084133,"1977","Belgium1977"
"70","17-12-1978",197812,0.774257532747483,0.735146413813805,"1978","Belgium1978"
"71","08-11-1981",198111,0.998965497870985,0.863536919184159,"1981","Belgium1981"
"72","13-10-1985",198510,0.797815757167697,0.696160896732726,"1985","Belgium1985"
"73","13-12-1987",198712,0.613372812805168,0.507920266490855,"1987","Belgium1987"
"74","24-11-1991",199111,0.415667780783374,0.378410010436843,"1991","Belgium1991"
"75","21-05-1995",199505,0.466047005475318,0.484919315380221,"1995","Belgium1995"
"76","13-06-1999",199906,0.46048975793017,0.425653715358321,"1999","Belgium1999"
"77","18-05-2003",200305,0.612686720669417,0.554529356820315,"2003","Belgium2003"
"78","10-06-2007",200706,1.12252009182337,1.13002303173978,"2007","Belgium2007"
"79","13-06-2010",201006,1.03853558855329,1.2300730977092,"2010","Belgium2010"
"80","18-11-1990",199011,1.14457265542621,1.15477222129875,"1990","Bosnia-Herzegovina1990"
"81","14-09-1996",199609,1.32155339005201,1.11480571363775,"1996","Bosnia-Herzegovina1996"
"82","12-09-1998",199809,1.36794116899121,1.71357493832492,"1998","Bosnia-Herzegovina1998"
"83","11-11-2000",200011,0.952128619929828,0.923038860107113,"2000","Bosnia-Herzegovina2000"
"84","05-10-2002",200210,1.62781940040798,1.94128043599626,"2002","Bosnia-Herzegovina2002"
"85","10-06-1990",199006,0.196569273778334,0.199837240004529,"1990","Bulgaria1990"
"86","13-10-1991",199110,1.19871399905118,1.2059855521093,"1991","Bulgaria1991"
"87","18-12-1994",199412,0.940773481539508,1.23848008000035,"1994","Bulgaria1994"
"88","19-04-1997",199704,0.509839872411072,0.470597415992029,"1997","Bulgaria1997"
"89","18-06-2001",200106,0.810028227373008,1.04823338183933,"2001","Bulgaria2001"
"90","25-06-2005",200506,0.748193171478298,0.926335794313256,"2005","Bulgaria2005"
"91","05-07-2009",200907,0.596595932519815,0.960350633600172,"2009","Bulgaria2009"
"92","12-05-2013",201305,1.12565558689357,1.24625852110471,"2013","Bulgaria2013"
"93","11-06-1945",194506,0.911717893828916,0.809524498696463,"1945","Canada1945"
"94","27-06-1949",194906,0.793778996582699,0.95355109767689,"1949","Canada1949"
"95","10-08-1953",195308,0.75354216879036,1.11194219892844,"1953","Canada1953"
"96","10-06-1957",195706,0.733100490519436,0.95976358654127,"1957","Canada1957"
"97","31-03-1958",195803,0.587550199786475,1.08977242587111,"1958","Canada1958"
"98","18-06-1962",196206,0.577081160459985,0.748931990186265,"1962","Canada1962"
"99","08-04-1963",196304,0.542596109572464,0.657966124020082,"1963","Canada1963"
"100","08-11-1965",196511,0.869856701635465,0.907827586246557,"1965","Canada1965"
"101","25-06-1968",196806,0.663123234586478,0.926390853240597,"1968","Canada1968"
"102","30-10-1972",197210,0.44375039523923,0.693490945835937,"1972","Canada1972"
"103","08-07-1974",197407,0.581977500567628,0.753056967926039,"1974","Canada1974"
"104","22-05-1979",197905,0.734484041518968,0.756723314533276,"1979","Canada1979"
"105","18-02-1980",198002,0.56800166262613,0.620893847011106,"1980","Canada1980"
"106","04-09-1984",198409,0.907529367323927,0.940875277531101,"1984","Canada1984"
"107","21-11-1988",198811,1.20263950140518,1.23024702154948,"1988","Canada1988"
"108","25-10-1993",199310,0.876604555560269,1.07136065815235,"1993","Canada1993"
"109","02-06-1997",199706,0.9771414283414,1.14972885946087,"1997","Canada1997"
"110","27-11-2000",200011,0.671280680367,0.772117452521445,"2000","Canada2000"
"111","28-06-2004",200406,0.686739596264226,0.644805669681347,"2004","Canada2004"
"112","23-01-2006",200601,0.792425173775199,0.703647072996792,"2006","Canada2006"
"113","14-10-2008",200810,0.615261593938614,0.63673135190411,"2008","Canada2008"
"114","02-05-2011",201105,1.17169558271479,1.02367593607523,"2011","Canada2011"
"115","22-04-1990",199004,1.05589968413409,1.08481733281079,"1990","Croatia1990"
"116","02-08-1992",199208,1.53457815261238,1.4122277992261,"1992","Croatia1992"
"117","29-10-1995",199510,1.73321898940816,1.38765710476391,"1995","Croatia1995"
"118","03-01-2000",200001,0.542672761261854,0.897157514207738,"2000","Croatia2000"
"119","23-11-2003",200311,1.21093286664158,1.4125603115071,"2003","Croatia2003"
"120","25-11-2007",200711,1.12190150826982,1.27949931902624,"2007","Croatia2007"
"121","04-12-2011",201112,0.793953275483465,0.857401443062649,"2011","Croatia2011"
"122","26-05-1996",199605,0.266044380707122,0.645809419158893,"1996","Cyprus1996"
"123","27-05-2001",200105,0.416913969404995,0.401052616490654,"2001","Cyprus2001"
"124","21-05-2006",200605,0.894587068160632,0.902620735035516,"2006","Cyprus2006"
"125","22-05-2011",201105,0.725604304487154,0.586218590012801,"2011","Cyprus2011"
"126","09-06-1990",199006,1.08700139630359,1.52274921389803,"1990","Czech Republic1990"
"127","06-06-1992",199206,1.041929165272,1.15113103839485,"1992","Czech Republic1992"
"128","31-05-1996",199605,0.709730504679702,0.768192359696421,"1996","Czech Republic1996"
"129","19-06-1998",199806,0.924708126538752,0.897323057220006,"1998","Czech Republic1998"
"130","14-06-2002",200206,1.22005456636321,1.27762868309187,"2002","Czech Republic2002"
"131","03-06-2006",200606,0.869144934165206,0.723245426880724,"2006","Czech Republic2006"
"132","29-05-2010",201005,0.825676113504537,0.806247915352028,"2010","Czech Republic2010"
"133","26-10-2013",201310,0.73961320417358,0.872477892142355,"2013","Czech Republic2013"
"134","30-10-1945",194510,0.799722481822379,0.699270316810805,"1945","Denmark1945"
"135","28-10-1947",194710,0.582876412789773,0.770537615162736,"1947","Denmark1947"
"136","05-09-1950",195009,0.963377283179897,1.04370112942836,"1950","Denmark1950"
"137","21-04-1953",195304,0.420327329534411,0.582834036324398,"1953","Denmark1953"
"138","22-09-1953",195309,0.665571493113773,0.974435333993366,"1953","Denmark1953.5"
"139","14-05-1957",195705,1.49562647414371,1.38500271818186,"1957","Denmark1957"
"140","15-11-1960",196011,1.98397529812088,2.13149241805329,"1960","Denmark1960"
"141","22-09-1964",196409,0.901719400762189,1.15510911285819,"1964","Denmark1964"
"142","22-11-1966",196611,0.963946464489347,1.18682727147193,"1966","Denmark1966"
"143","23-01-1968",196801,0.780675769528721,1.31382469583038,"1968","Denmark1968"
"144","21-09-1971",197109,1.40673466091977,1.33126489089705,"1971","Denmark1971"
"145","04-12-1973",197312,0.98830566027567,1.13686580073661,"1973","Denmark1973"
"146","09-01-1975",197501,0.814698487486389,0.931213750373244,"1975","Denmark1975"
"147","15-02-1977",197702,0.89850370142545,1.0776893485499,"1977","Denmark1977"
"148","23-10-1979",197910,1.57586684967926,1.83171425773768,"1979","Denmark1979"
"149","08-12-1981",198112,1.43169669042554,1.49312650072392,"1981","Denmark1981"
"150","10-01-1984",198401,1.42739551134809,1.45556342460607,"1984","Denmark1984"
"151","08-09-1987",198709,1.08553850196703,1.24386355268601,"1987","Denmark1987"
"152","10-05-1988",198805,1.42241827077447,1.36981224790171,"1988","Denmark1988"
"153","12-12-1990",199012,1.13991353779962,1.24676391465928,"1990","Denmark1990"
"154","21-09-1994",199409,1.40628935689232,1.35533840305006,"1994","Denmark1994"
"155","11-03-1998",199803,0.974425981036753,1.27296080567894,"1998","Denmark1998"
"156","20-11-2001",200111,1.23474752036713,1.20959214424538,"2001","Denmark2001"
"157","08-02-2005",200502,1.29860305355366,1.27542623332414,"2005","Denmark2005"
"158","13-11-2007",200711,0.711947183461649,0.771254535748909,"2007","Denmark2007"
"159","15-09-2011",201109,1.33997787494933,1.79561045567568,"2011","Denmark2011"
"160","20-09-1992",199209,1.41110102557332,1.73195356567116,"1992","Estonia1992"
"161","05-03-1995",199503,0.762646374100917,0.768319829512914,"1995","Estonia1995"
"162","07-03-1999",199903,0.807288087890984,0.810504615396476,"1999","Estonia1999"
"163","02-03-2003",200303,0.409056411101913,0.578191193771857,"2003","Estonia2003"
"164","04-03-2007",200703,0.758640859827081,0.633646613734653,"2007","Estonia2007"
"165","06-03-2011",201103,0.406321176367102,0.369578888906799,"2011","Estonia2011"
"166","18-03-1945",194503,2.16170344524357,1.80115697394494,"1945","Finland1945"
"167","02-07-1948",194807,0.460910518452754,0.624652849049988,"1948","Finland1948"
"168","03-07-1951",195107,1.39503698988044,1.36355979519401,"1951","Finland1951"
"169","08-03-1954",195403,1.56109775209697,1.39996270827535,"1954","Finland1954"
"170","07-07-1958",195807,1.04482499125347,1.43870433757484,"1958","Finland1958"
"171","05-02-1962",196202,0.856283296426601,1.151782186808,"1962","Finland1962"
"172","21-03-1966",196603,1.27295258445248,1.78774365085988,"1966","Finland1966"
"173","16-03-1970",197003,1.45307545829638,2.20629139437456,"1970","Finland1970"
"174","03-01-1972",197201,1.73803975303545,1.61192664697566,"1972","Finland1972"
"175","22-09-1975",197509,1.14949116241973,1.68892919193624,"1975","Finland1975"
"176","13-03-1979",197903,1.04077158683536,1.51543809952181,"1979","Finland1979"
"177","21-03-1983",198303,1.86691987957733,1.76400049081973,"1983","Finland1983"
"178","16-03-1987",198703,0.783530530609939,1.12323166367918,"1987","Finland1987"
"179","17-03-1991",199103,0.677287696643369,0.788369046318005,"1991","Finland1991"
"180","19-03-1995",199503,0.869861776445641,0.85205503506367,"1995","Finland1995"
"181","21-03-1999",199903,0.986804514785693,0.981842068776903,"1999","Finland1999"
"182","16-03-2003",200303,0.878032266991234,0.921304829222645,"2003","Finland2003"
"183","18-03-2007",200703,0.504674710517108,0.563235594362872,"2007","Finland2007"
"184","17-04-2011",201104,0.83080436806438,0.859647349239379,"2011","Finland2011"
"185","10-11-1946",194611,1.0625345628671,0.975221502166043,"1946","France1946"
"186","17-06-1951",195106,0.777641044604581,0.802197496422114,"1951","France1951"
"187","02-01-1956",195601,1.07771304170341,1.12637872205537,"1956","France1956"
"188","23-11-1958",195811,1.30861312428941,1.24067615806093,"1958","France1958"
"189","18-11-1962",196211,1.16625191890107,1.12317331000689,"1962","France1962"
"190","05-03-1967",196703,1.3603082894333,1.34666602502781,"1967","France1967"
"191","23-06-1968",196806,1.73870848027221,1.50945820104286,"1968","France1968"
"192","04-03-1973",197303,1.09883255128671,1.24214086808342,"1973","France1973"
"193","12-03-1978",197803,1.3642137670419,1.45637014510286,"1978","France1978"
"194","14-06-1981",198106,1.05880534167991,1.19918486516497,"1981","France1981"
"195","16-03-1986",198603,1.16739790722497,1.13454959312392,"1986","France1986"
"196","05-06-1988",198806,0.990753511332186,1.10326913841921,"1988","France1988"
"197","21-03-1993",199303,1.23497849334546,1.37478918431179,"1993","France1993"
"198","25-05-1997",199705,1.31524018790567,1.34510150688155,"1997","France1997"
"199","09-06-2002",200206,0.951786019193437,1.19617996959022,"2002","France2002"
"200","10-06-2007",200706,0.895030981469638,1.37674114961696,"2007","France2007"
"201","10-06-2012",201206,0.962167385913763,0.808495306558973,"2012","France2012"
"202","28-10-1990",199010,0.683961529073491,0.613180369166245,"1990","Georgia1990"
"203","11-10-1992",199210,0.746521752658508,0.943158495674567,"1992","Georgia1992"
"204","05-11-1995",199511,2.07851508251171,2.57285047931242,"1995","Georgia1995"
"205","31-10-1999",199910,1.34738285862511,1.1589792316289,"1999","Georgia1999"
"206","02-11-2003",200311,1.1427520728436,1.35066446071834,"2003","Georgia2003"
"207","28-03-2004",200403,1.02497163845113,1.49688424503107,"2004","Georgia2004"
"208","21-05-2008",200805,0.867836235407503,0.911563276208503,"2008","Georgia2008"
"209","01-10-2012",201210,0.399319970346756,0.392163048911072,"2012","Georgia2012"
"210","18-03-1990",199003,0.467109721287411,0.626889938859185,"1990","German Democratic Republic1990"
"211","14-08-1949",194908,0.758893018049299,1.34670606589697,"1949","Germany1949"
"212","06-09-1953",195309,0.484146215304548,0.465001478311948,"1953","Germany1953"
"213","15-09-1957",195709,1.75879231627416,1.53930959017346,"1957","Germany1957"
"214","17-09-1961",196109,0.416691503063724,0.435237310824587,"1961","Germany1961"
"215","19-09-1965",196509,0.2104665186309,0.263465562826441,"1965","Germany1965"
"216","28-09-1969",196909,0.302691671842329,0.295748412640668,"1969","Germany1969"
"217","19-11-1972",197211,0.641495333997549,0.954123381097097,"1972","Germany1972"
"218","03-10-1976",197610,0.843783536669963,0.724302765929029,"1976","Germany1976"
"219","05-10-1980",198010,0.983795394528629,0.866933835051651,"1980","Germany1980"
"220","06-03-1983",198303,0.967308262907181,1.09852549137932,"1983","Germany1983"
"221","25-01-1987",198701,0.649297098935186,0.743991700928978,"1987","Germany1987"
"222","02-12-1990",199012,0.662233561850879,0.713559845188897,"1990","Germany1990"
"223","16-10-1994",199410,1.10867313670473,1.03335175929435,"1994","Germany1994"
"224","27-09-1998",199809,0.865720768048799,1.00535237312366,"1998","Germany1998"
"225","22-09-2002",200209,0.619813691434316,0.798231597587604,"2002","Germany2002"
"226","18-09-2005",200509,0.915455845993357,1.03316519057112,"2005","Germany2005"
"227","27-09-2009",200909,0.707349373344533,0.657291420613069,"2009","Germany2009"
"228","22-09-2013",201309,0.734308094482981,0.781982990847986,"2013","Germany2013"
"229","05-07-1945",194507,1.09620841729445,1.04263878104228,"1945","United Kingdom1945"
"230","23-02-1950",195002,0.761047648904672,0.897437858633549,"1950","United Kingdom1950"
"231","25-10-1951",195110,0.840596261570109,0.825765688548652,"1951","United Kingdom1951"
"232","26-05-1955",195505,0.402581498862817,1.23120666241422,"1955","United Kingdom1955"
"233","08-10-1959",195910,0.186717132198944,0.407345398845861,"1959","United Kingdom1959"
"234","15-10-1964",196410,0.489270810029433,0.592468408558259,"1964","United Kingdom1964"
"235","31-03-1966",196603,0.591806374569948,0.556025574616284,"1966","United Kingdom1966"
"236","18-06-1970",197006,0.471950585890154,0.477499260795128,"1970","United Kingdom1970"
"237","28-02-1974",197402,1.07074390205014,1.01226784863867,"1974","United Kingdom1974"
"238","10-10-1974",197410,0.91978161960846,0.930889174034906,"1974","United Kingdom1974.5"
"239","03-05-1979",197905,1.21969813083339,1.12240121846706,"1979","United Kingdom1979"
"240","09-06-1983",198306,1.43403970061286,1.21378852049404,"1983","United Kingdom1983"
"241","11-06-1987",198706,1.01333436234974,0.84230811534768,"1987","United Kingdom1987"
"242","09-04-1992",199204,1.35379706004243,0.949132083878425,"1992","United Kingdom1992"
"243","01-05-1997",199705,0.653048748786447,0.611892425009615,"1997","United Kingdom1997"
"244","07-06-2001",200106,0.418755641292741,0.713802970918037,"2001","United Kingdom2001"
"245","05-05-2005",200505,0.632006094853175,0.658599646969525,"2005","United Kingdom2005"
"246","06-05-2010",201005,0.718239834494815,0.711033722711341,"2010","United Kingdom2010"
"247","17-11-1974",197411,0.769647493466227,0.695655752371167,"1974","Greece1974"
"248","20-11-1977",197711,1.31613057762062,1.0992654542833,"1977","Greece1977"
"249","18-10-1981",198110,1.19173664582306,1.11632730958975,"1981","Greece1981"
"250","02-06-1985",198506,0.805731021240116,0.848451880843171,"1985","Greece1985"
"251","18-06-1989",198906,1.49369073724604,1.49376134805876,"1989","Greece1989"
"252","05-11-1989",198911,1.00643563022917,0.885363576176447,"1989","Greece1989.5"
"253","08-04-1990",199004,1.42862646363089,1.30805750307778,"1990","Greece1990"
"254","10-10-1993",199310,1.27524321719184,0.995553340848884,"1993","Greece1993"
"255","22-09-1996",199609,0.40382333829851,0.819229041008881,"1996","Greece1996"
"256","09-04-2000",200004,0.450133692112266,0.559291557189892,"2000","Greece2000"
"257","07-03-2004",200403,0.392187305478356,0.671650440216523,"2004","Greece2004"
"258","16-09-2007",200709,0.642260956408903,1.06951554162756,"2007","Greece2007"
"259","04-10-2009",200910,1.31057952653628,2.46125623709786,"2009","Greece2009"
"260","06-05-2012",201205,1.36257334187796,1.51388369597816,"2012","Greece2012"
"261","17-06-2012",201206,1.21882383898231,1.19009617766301,"2012","Greece2012.5"
"262","25-03-1990",199003,0.91262639695138,0.979433520510793,"1990","Hungary1990"
"263","08-05-1994",199405,0.827058887305824,0.878429068028853,"1994","Hungary1994"
"264","10-05-1998",199805,0.300077679363964,0.469732318160749,"1998","Hungary1998"
"265","07-04-2002",200204,1.86908745802666,1.63084537413568,"2002","Hungary2002"
"266","09-04-2006",200604,0.387857773405695,0.571083685393169,"2006","Hungary2006"
"267","11-04-2010",201004,0.421079390611319,0.650769428591352,"2010","Hungary2010"
"268","06-04-2014",201404,0.688455942770972,0.503885663054681,"2014","Hungary2014"
"269","30-06-1946",194606,1.60768365814671,1.71947630638937,"1946","Iceland1946"
"270","23-10-1949",194910,0.908603355454051,0.964897494015629,"1949","Iceland1949"
"271","28-06-1953",195306,1.6213239378702,1.63423756316358,"1953","Iceland1953"
"272","24-06-1956",195606,0.727761174460146,0.72633277717317,"1956","Iceland1956"
"273","28-06-1959",195906,1.71034666385746,2.01607481152463,"1959","Iceland1959"
"274","25-10-1959",195910,1.71945829446109,1.92756818894192,"1959","Iceland1959.5"
"275","09-06-1963",196306,1.42939616619549,1.6234237640598,"1963","Iceland1963"
"276","11-06-1967",196706,1.14893135495416,1.26469516720276,"1967","Iceland1967"
"277","13-06-1971",197106,0.437049400032432,0.389561218950145,"1971","Iceland1971"
"278","30-06-1974",197406,1.79792091166923,2.16253078034086,"1974","Iceland1974"
"279","25-06-1978",197806,0.834850908265123,0.746663163941695,"1978","Iceland1978"
"280","02-12-1979",197912,0.378076341062862,0.397595933787055,"1979","Iceland1979"
"281","23-04-1983",198304,0.984268653345727,1.36439044733913,"1983","Iceland1983"
"282","25-04-1987",198704,0.954906826964381,0.826304378019586,"1987","Iceland1987"
"283","20-04-1991",199104,1.49651642379647,1.56936094769802,"1991","Iceland1991"
"284","08-04-1995",199504,0.758198880772618,0.623486135841314,"1995","Iceland1995"
"285","08-05-1999",199905,0.929559623777609,0.921601785373942,"1999","Iceland1999"
"286","10-05-2003",200305,0.62829738796348,0.743443443977193,"2003","Iceland2003"
"287","12-05-2007",200705,0.645485925631165,0.582282223089077,"2007","Iceland2007"
"288","25-04-2009",200904,0.985001728753704,0.908364010775696,"2009","Iceland2009"
"289","27-04-2013",201304,0.952269225139669,0.900248558607571,"2013","Iceland2013"
"290","04-02-1948",194802,1.34656645338985,1.36399844033737,"1948","Ireland1948"
"291","30-05-1951",195105,1.22605155451753,1.22250795689371,"1951","Ireland1951"
"292","18-04-1954",195404,0.729493038121142,0.770940884376678,"1954","Ireland1954"
"293","05-03-1957",195703,1.73554207998576,1.89993260005037,"1957","Ireland1957"
"294","04-10-1961",196110,1.18900868076184,1.10128247320783,"1961","Ireland1961"
"295","07-04-1965",196504,0.292047253972826,0.285986614227506,"1965","Ireland1965"
"296","16-06-1969",196906,1.12725529878765,1.12634241559295,"1969","Ireland1969"
"297","28-02-1973",197302,1.87824830085761,1.81923134708599,"1973","Ireland1973"
"298","16-06-1977",197706,0.423974708402968,0.344032601107802,"1977","Ireland1977"
"299","11-06-1981",198106,0.485235108584595,0.863200764085657,"1981","Ireland1981"
"300","18-02-1982",198202,0.686528020462604,1.01536060171833,"1982","Ireland1982"
"301","24-11-1982",198211,1.18409114979481,1.2026190438482,"1982","Ireland1982.5"
"302","17-02-1987",198702,0.521203205057823,0.644441442360231,"1987","Ireland1987"
"303","15-06-1989",198906,0.443610184009585,0.551665645265358,"1989","Ireland1989"
"304","25-11-1992",199211,0.640895303170139,0.814302887475966,"1992","Ireland1992"
"305","06-06-1997",199706,0.634815816507102,0.738539750537379,"1997","Ireland1997"
"306","17-05-2002",200205,0.58355702193421,0.502899627616762,"2002","Ireland2002"
"307","24-05-2007",200705,0.327662784205718,0.34611755810808,"2007","Ireland2007"
"308","25-02-2011",201102,0.636208596917082,0.554462446931723,"2011","Ireland2011"
"309","25-01-1949",194901,1.36821014812199,2.27179722455166,"1949","Israel1949"
"310","30-07-1951",195107,1.40778849714334,2.36291468504238,"1951","Israel1951"
"311","26-07-1955",195507,1.13335688826543,1.66214119394213,"1955","Israel1955"
"312","03-07-1959",195907,1.50762310281512,2.07051280581976,"1959","Israel1959"
"313","15-08-1961",196108,1.46517430114283,1.61768964217467,"1961","Israel1961"
"314","02-11-1965",196511,1.36299692409836,2.04861276822343,"1965","Israel1965"
"315","28-10-1969",196910,1.20299428104139,1.9225585385559,"1969","Israel1969"
"316","31-12-1973",197312,1.35761562357211,1.78622786390395,"1973","Israel1973"
"317","17-05-1977",197705,1.23246974598626,1.66347289821633,"1977","Israel1977"
"318","30-06-1981",198106,1.17314335505821,1.69468811291618,"1981","Israel1981"
"319","23-07-1984",198407,0.946104926679504,1.38553582080412,"1984","Israel1984"
"320","01-11-1988",198811,1.16528831411461,1.72798896776643,"1988","Israel1988"
"321","23-06-1992",199206,1.27471535713378,1.88492475333932,"1992","Israel1992"
"322","29-05-1996",199605,1.27214591850694,1.59044492708622,"1996","Israel1996"
"323","17-05-1999",199905,1.59854910305424,1.9215528960858,"1999","Israel1999"
"324","02-06-1946",194606,1.38291016317053,1.09986158532945,"1946","Italy1946"
"325","18-04-1948",194804,0.830014034431447,1.21632241655978,"1948","Italy1948"
"326","07-06-1953",195306,0.518731562130498,0.587748080890959,"1953","Italy1953"
"327","25-05-1958",195805,0.710791383906602,1.09304467362829,"1958","Italy1958"
"328","28-04-1963",196304,0.632108178658959,0.719703356137212,"1963","Italy1963"
"329","19-05-1968",196805,0.542446386475339,0.784403668470818,"1968","Italy1968"
"330","07-05-1972",197205,0.700651340852787,0.665189755884784,"1972","Italy1972"
"331","20-06-1976",197606,0.349163177030953,0.673189102178598,"1976","Italy1976"
"332","03-06-1979",197906,0.504236223702569,0.809475528871729,"1979","Italy1979"
"333","26-06-1983",198306,0.3661064684041,0.718143592240184,"1983","Italy1983"
"334","14-06-1987",198706,1.07837717572552,1.46378146096286,"1987","Italy1987"
"335","06-04-1992",199204,0.637429856266266,0.871682868208413,"1992","Italy1992"
"336","28-03-1994",199403,0.992028471700841,0.973549040720389,"1994","Italy1994"
"337","21-04-1996",199604,1.21845842005875,1.14668990654417,"1996","Italy1996"
"338","13-05-2001",200105,0.793217866722487,0.805341431843962,"2001","Italy2001"
"339","10-04-2006",200604,1.62989517738361,1.60483307099587,"2006","Italy2006"
"340","13-04-2008",200804,0.706584854351396,0.624902724433674,"2008","Italy2008"
"341","24-02-2013",201302,1.1318941490064,1.30515485897652,"2013","Italy2013"
"342","20-11-1960",196011,0.399015830715906,0.620462487829957,"1960","Japan1960"
"343","21-11-1963",196311,0.67607122370595,0.628162529132148,"1963","Japan1963"
"344","29-01-1967",196701,0.938702275681727,1.45032025513755,"1967","Japan1967"
"345","27-12-1969",196912,0.559232817330953,0.464488257019991,"1969","Japan1969"
"346","10-12-1972",197212,0.558430513880936,0.604640542587434,"1972","Japan1972"
"347","05-12-1976",197612,0.932308425025122,0.900710464445844,"1976","Japan1976"
"348","07-10-1979",197910,0.419381615422927,0.732844844283208,"1979","Japan1979"
"349","22-06-1980",198006,0.775318280418676,0.903129998896688,"1980","Japan1980"
"350","18-12-1983",198312,0.827469505700262,0.660874901397798,"1983","Japan1983"
"351","06-07-1986",198607,0.539384660868583,0.402601217744608,"1986","Japan1986"
"352","18-02-1990",199002,0.409948971971534,0.441595244713616,"1990","Japan1990"
"353","18-07-1993",199307,0.587010817212207,0.555469595204741,"1993","Japan1993"
"354","20-10-1996",199610,0.518404425054936,0.667166438692544,"1996","Japan1996"
"355","25-06-2000",200006,1.01842251562539,1.24024610625657,"2000","Japan2000"
"356","09-11-2003",200311,0.860578248445662,0.734984573770594,"2003","Japan2003"
"357","11-09-2005",200509,1.21425649205983,1.20244106464755,"2005","Japan2005"
"358","05-06-1993",199306,0.642054961903874,0.634001308635759,"1993","Latvia1993"
"359","30-09-1995",199509,1.18706919561744,1.23884924282118,"1995","Latvia1995"
"360","03-10-1998",199810,0.704395241230046,0.832116709243221,"1998","Latvia1998"
"361","05-10-2002",200210,0.774551071623423,0.893277732815858,"2002","Latvia2002"
"362","25-10-1992",199210,0.762014651511973,0.687389864104897,"1992","Lithuania1992"
"363","20-10-1996",199610,1.50229345656923,1.49207967995219,"1996","Lithuania1996"
"364","08-10-2000",200010,0.609734393413494,0.711149320536153,"2000","Lithuania2000"
"365","10-10-2004",200410,0.829271207967694,0.808257258277339,"2004","Lithuania2004"
"366","12-10-2008",200810,1.08225266689448,1.08195763647481,"2008","Lithuania2008"
"367","14-10-2012",201210,0.768616889722968,0.801471299650731,"2012","Lithuania2012"
"368","21-10-1945",194510,1.60840782609141,1.59890117178837,"1945","Luxembourg1945"
"369","06-06-1948",194806,0.542299667063274,0.72663939415078,"1948","Luxembourg1948"
"370","03-06-1951",195106,0.317160595893689,0.854656879292714,"1951","Luxembourg1951"
"371","30-05-1954",195405,1.27404752695896,1.18341552009462,"1954","Luxembourg1954"
"372","01-02-1959",195902,1.0795766974908,1.01628316866418,"1959","Luxembourg1959"
"373","07-06-1964",196406,0.600744027006378,0.763174186457292,"1964","Luxembourg1964"
"374","15-12-1968",196812,0.49753288067181,0.581764897057439,"1968","Luxembourg1968"
"375","26-05-1974",197405,0.651067797132975,0.644186696337562,"1974","Luxembourg1974"
"376","10-06-1979",197906,0.886495125803838,1.27283456591853,"1979","Luxembourg1979"
"377","17-06-1984",198406,0.840299802491303,0.979810790736257,"1984","Luxembourg1984"
"378","18-06-1989",198906,0.643457951264971,0.74678946864826,"1989","Luxembourg1989"
"379","12-06-1994",199406,0.71966675044966,0.748910945928634,"1994","Luxembourg1994"
"380","13-06-1999",199906,0.479125280426669,0.533947860605904,"1999","Luxembourg1999"
"381","13-06-2004",200406,0.404471196063597,0.529449923116777,"2004","Luxembourg2004"
"382","07-06-2009",200906,0.596707006719046,0.78983171800282,"2009","Luxembourg2009"
"383","20-10-2013",201310,0.577064395168127,0.68076866098909,"2013","Luxembourg2013"
"384","11-11-1990",199011,0.719318046509318,1.00288930284,"1990","Macedonia1990"
"385","16-10-1994",199410,1.80119119351264,2.99530519660146,"1994","Macedonia1994"
"386","18-10-1998",199810,0.516835940255717,0.613609034141813,"1998","Macedonia1998"
"387","15-09-2002",200209,1.47351278669805,1.67438137600095,"2002","Macedonia2002"
"388","05-07-2006",200607,1.14820544641901,1.15400358679869,"2006","Macedonia2006"
"389","01-06-2008",200806,0.872598581495071,1.47912151972463,"2008","Macedonia2008"
"390","05-06-2011",201106,0.859391617050342,1.1275001902825,"2011","Macedonia2011"
"391","27-04-2014",201404,0.71021997350296,0.856054631709316,"2014","Macedonia2014"
"392","26-10-1996",199610,0.331032487945719,0.335545405157292,"1996","Malta1996"
"393","05-09-1998",199809,0.0507038208985132,0.0505222685616879,"1998","Malta1998"
"394","01-07-1946",194607,0.925908244982498,1.30798550527113,"1946","Mexico1946"
"395","03-07-1949",194907,0.991298328456172,4.189,"1949","Mexico1949"
"396","06-07-1952",195207,1.25130421455624,4.47436866,"1952","Mexico1952"
"397","01-07-1955",195507,0.121486960672383,0.283136057885997,"1955","Mexico1955"
"398","06-07-1958",195807,1.47137514963423,4.6070543,"1958","Mexico1958"
"399","01-07-1961",196107,0.0806224952926527,0.118615426049086,"1961","Mexico1961"
"400","05-07-1964",196407,0.276787121136603,0.57638962131821,"1964","Mexico1964"
"401","01-07-1967",196707,1.37371261295689,3.914521455,"1967","Mexico1967"
"402","05-07-1970",197007,0.712082856355129,1.3406127731977,"1970","Mexico1970"
"403","01-07-1973",197307,0.308693810070197,0.257481989331998,"1973","Mexico1973"
"404","01-07-1976",197607,0.35490273800346,0.800051922312589,"1976","Mexico1976"
"405","01-07-1979",197907,0.681840506372842,1.09498016848663,"1979","Mexico1979"
"406","04-07-1982",198207,0.634968049070197,1.07186599623354,"1982","Mexico1982"
"407","07-07-1985",198507,0.648788869578606,1.02290763773201,"1985","Mexico1985"
"408","06-07-1988",198807,0.486234309174382,0.594303144848737,"1988","Mexico1988"
"409","18-08-1991",199108,0.405609294616871,0.663275875479476,"1991","Mexico1991"
"410","21-08-1994",199408,0.515283903340871,0.558504545387663,"1994","Mexico1994"
"411","06-07-1997",199707,0.415576074605173,0.363937602907666,"1997","Mexico1997"
"412","02-07-2000",200007,0.733039828738414,0.715069353237149,"2000","Mexico2000"
"413","06-06-2003",200306,0.636506223665171,0.669365034032621,"2003","Mexico2003"
"414","02-07-2006",200607,0.608586395411053,0.583617792595343,"2006","Mexico2006"
"415","05-07-2009",200907,0.19686222502068,0.219183738496796,"2009","Mexico2009"
"416","01-07-2012",201207,0.421875051428455,0.431684103227965,"2012","Mexico2012"
"417","27-02-1994",199402,0.86897159898726,1.07048350171628,"1994","Moldova1994"
"418","22-03-1998",199803,0.989132923760444,1.1429064618312,"1998","Moldova1998"
"419","25-02-2001",200102,1.20980013252198,1.36347346150615,"2001","Moldova2001"
"420","06-03-2005",200503,0.762500398880391,0.869193322660449,"2005","Moldova2005"
"421","29-07-2009",200907,0.663265991738343,0.608469759783001,"2009","Moldova2009"
"422","28-11-2010",201011,0.59510208512936,0.52328927847039,"2010","Moldova2010"
"423","20-12-1992",199212,1.15933565345526,1.65318089734427,"1992","Montenegro1992"
"424","03-11-1996",199611,0.969778892069121,1.17184297003111,"1996","Montenegro1996"
"425","31-05-1998",199805,0.607793138400794,1.11714069142009,"1998","Montenegro1998"
"426","22-12-2002",200212,1.58911027109057,6.39751706,"2002","Montenegro2002"
"427","17-05-1946",194605,1.0009585043191,1.35133550552094,"1946","Netherlands1946"
"428","07-07-1948",194807,0.904285964886166,1.16637311001165,"1948","Netherlands1948"
"429","25-06-1952",195206,1.18970114391105,1.42718664109975,"1952","Netherlands1952"
"430","13-06-1956",195606,0.882130864571407,1.08780047238543,"1956","Netherlands1956"
"431","12-03-1959",195903,0.941726276822696,1.24594150044367,"1959","Netherlands1959"
"432","15-05-1963",196305,0.825427807418071,1.12134924656653,"1963","Netherlands1963"
"433","15-02-1967",196702,0.994314125898065,1.08280494997182,"1967","Netherlands1967"
"434","28-03-1971",197103,0.74953010302202,0.885372114011178,"1971","Netherlands1971"
"435","29-11-1972",197211,1.20461146492058,1.20118988696243,"1972","Netherlands1972"
"436","25-05-1977",197705,1.11410191063761,1.0541852188769,"1977","Netherlands1977"
"437","26-05-1981",198105,0.735406873745175,0.779468077000311,"1981","Netherlands1981"
"438","08-09-1982",198209,0.926724632152897,0.883831824691462,"1982","Netherlands1982"
"439","21-05-1986",198605,0.581937869506566,0.594999029600049,"1986","Netherlands1986"
"440","06-09-1989",198909,0.492506073908367,0.547920246943442,"1989","Netherlands1989"
"441","03-05-1994",199405,0.769854700748691,0.698372423310249,"1994","Netherlands1994"
"442","06-05-1998",199805,0.703785183339711,0.606794960563918,"1998","Netherlands1998"
"443","15-05-2002",200205,0.575653805136935,0.609084473048557,"2002","Netherlands2002"
"444","22-01-2003",200301,0.668953752392602,0.832673549023769,"2003","Netherlands2003"
"445","22-11-2006",200611,0.643311674949152,0.806295170608112,"2006","Netherlands2006"
"446","09-06-2010",201006,0.498748526671581,0.530385383218923,"2010","Netherlands2010"
"447","12-09-2012",201209,0.757086557466536,0.736487984512274,"2012","Netherlands2012"
"448","27-11-1946",194611,0.714558368078952,0.716534769160067,"1946","New Zealand1946"
"449","30-11-1949",194911,1.06276671393455,1.0683732306873,"1949","New Zealand1949"
"450","01-09-1951",195109,1.95704800446558,1.97129877096983,"1951","New Zealand1951"
"451","13-11-1954",195411,0.592392930710375,0.531939002296809,"1954","New Zealand1954"
"452","30-11-1957",195711,0.79921427597319,0.979867738314849,"1957","New Zealand1957"
"453","26-11-1960",196011,0.655796974742286,0.64911457016135,"1960","New Zealand1960"
"454","30-11-1963",196311,0.747477887778043,0.640579464837969,"1963","New Zealand1963"
"455","26-11-1966",196611,0.66214507915423,0.686265589908072,"1966","New Zealand1966"
"456","29-11-1969",196911,0.675622968887974,0.592885434429223,"1969","New Zealand1969"
"457","25-11-1972",197211,0.352286288536005,0.422648579222412,"1972","New Zealand1972"
"458","29-11-1975",197511,0.658580487230019,0.719190124070229,"1975","New Zealand1975"
"459","25-11-1978",197811,0.316910571794978,0.322192448875532,"1978","New Zealand1978"
"460","28-11-1981",198111,0.400701610405967,0.453576849922257,"1981","New Zealand1981"
"461","14-07-1984",198407,1.07274768437555,1.03773103234418,"1984","New Zealand1984"
"462","15-08-1987",198708,1.10903055468923,1.02245257946095,"1987","New Zealand1987"
"463","27-10-1990",199010,0.652188752118425,0.567656683273104,"1990","New Zealand1990"
"464","06-11-1993",199311,0.522332519215021,0.600557408114955,"1993","New Zealand1993"
"465","12-10-1996",199610,0.940763624711254,1.22169324553272,"1996","New Zealand1996"
"466","27-11-1999",199911,1.4229363982224,1.36274025573051,"1999","New Zealand1999"
"467","27-07-2002",200207,1.08085501336826,1.31255568003658,"2002","New Zealand2002"
"468","17-09-2005",200509,1.8393676878175,1.4532248108396,"2005","New Zealand2005"
"469","08-11-2008",200811,0.909766251532772,1.07600279252793,"2008","New Zealand2008"
"470","26-11-2011",201111,0.833301864531551,1.26220362845129,"2011","New Zealand2011"
"471","08-10-1945",194510,1.14830753521471,1.22037205033414,"1945","Norway1945"
"472","10-10-1949",194910,1.27234206563357,1.34477115830485,"1949","Norway1949"
"473","12-10-1953",195310,1.12926919063942,1.10417759465808,"1953","Norway1953"
"474","07-10-1957",195710,1.07911166105207,1.18384592071379,"1957","Norway1957"
"475","11-09-1961",196109,0.779826206216286,0.892478485477685,"1961","Norway1961"
"476","12-09-1965",196509,0.820579555307992,0.900380641605042,"1965","Norway1965"
"477","07-09-1969",196909,0.690623605155104,0.753999056252555,"1969","Norway1969"
"478","09-09-1973",197309,1.18071914312737,1.68017433409728,"1973","Norway1973"
"479","11-09-1977",197709,0.622855657238757,0.981088722269109,"1977","Norway1977"
"480","14-09-1981",198109,0.867374019901881,1.10586244798437,"1981","Norway1981"
"481","08-09-1985",198509,0.66211924514738,1.07094504559909,"1985","Norway1985"
"482","11-09-1989",198909,1.0027350636504,0.964833359898189,"1989","Norway1989"
"483","13-09-1993",199309,0.972735037563892,1.24838341532957,"1993","Norway1993"
"484","16-09-1997",199709,0.761145837465136,0.752068354656054,"1997","Norway1997"
"485","10-09-2001",200109,1.24393063678895,1.15774486173823,"2001","Norway2001"
"486","12-09-2005",200509,1.12914944238676,1.01176805094724,"2005","Norway2005"
"487","14-09-2009",200909,0.763476823461595,0.692881807330302,"2009","Norway2009"
"488","27-10-1991",199110,1.12048246760451,1.31747855124319,"1991","Poland1991"
"489","19-09-1993",199309,1.37527860637197,1.74782129868543,"1993","Poland1993"
"490","21-09-1997",199709,0.763668764491505,0.792160915024008,"1997","Poland1997"
"491","23-09-2001",200109,0.84397432217784,1.07663165603548,"2001","Poland2001"
"492","25-09-2005",200509,0.537972340967752,0.596636996789844,"2005","Poland2005"
"493","21-10-2007",200710,0.271294801879725,0.228871172324414,"2007","Poland2007"
"494","09-10-2011",201110,0.542698945956127,0.665529434085571,"2011","Poland2011"
"495","25-04-1975",197504,1.25451210214346,1.14659885798676,"1975","Portugal1975"
"496","25-04-1976",197604,0.991746026927145,1.10065479499737,"1976","Portugal1976"
"497","02-12-1979",197910,0.34029787324716,0.440275213938007,"1979","Portugal1979"
"498","05-10-1980",198010,0.618526854120892,0.713604564468915,"1980","Portugal1980"
"499","25-04-1983",198304,1.05867481100294,1.22086642007618,"1983","Portugal1983"
"500","06-10-1985",198510,0.400208493674256,1.01224658575805,"1985","Portugal1985"
"501","19-07-1987",198707,1.18905464621508,1.17495189763326,"1987","Portugal1987"
"502","06-10-1991",199110,0.222434472506072,0.301443883737661,"1991","Portugal1991"
"503","01-10-1995",199510,0.390278290969106,0.494576593753777,"1995","Portugal1995"
"504","10-10-1999",199910,0.51494255994754,0.576100928151419,"1999","Portugal1999"
"505","17-03-2002",200203,0.46597306558118,0.70003559254136,"2002","Portugal2002"
"506","20-02-2005",200502,0.518601464581321,0.731822154034472,"2005","Portugal2005"
"507","27-09-2009",200909,0.613977913360665,0.778633449098241,"2009","Portugal2009"
"508","05-06-2011",201106,0.7329512637814,1.0016307106836,"2011","Portugal2011"
"509","20-05-1990",199005,0.690719520825252,1.01358256548573,"1990","Romania1990"
"510","27-09-1992",199209,1.07738577406071,1.21810632113322,"1992","Romania1992"
"511","03-11-1996",199611,0.935388208895456,1.3598945513273,"1996","Romania1996"
"512","26-11-2000",200011,0.94444710061203,1.09624936530639,"2000","Romania2000"
"513","28-11-2004",200411,0.943760122302022,1.07333586217107,"2004","Romania2004"
"514","30-11-2008",200811,0.668899645616638,0.71804759934643,"2008","Romania2008"
"515","09-12-2012",201212,0.940047105361301,0.86878282117853,"2012","Romania2012"
"516","12-12-1993",199312,1.37985852243381,1.08915793878138,"1993","Russia1993"
"517","17-12-1995",199512,1.45396050571397,1.47168899325317,"1995","Russia1995"
"518","19-12-1999",199912,1.275569913647,1.42310010271956,"1999","Russia1999"
"519","07-12-2003",200312,0.807102983072906,0.864007088038122,"2003","Russia2003"
"520","02-12-2007",200712,0.451357426074297,0.68391371892306,"2007","Russia2007"
"521","04-12-2011",201112,0.676422922686814,0.791692306179278,"2011","Russia2011"
"522","09-12-1990",199012,1.28291057822696,1.52400070948146,"1990","Serbia1990"
"523","20-12-1992",199212,1.1529730966095,1.07327189832042,"1992","Serbia1992"
"524","19-12-1993",199312,1.06236005964294,1.43303292483384,"1993","Serbia1993"
"525","21-09-1997",199709,1.15511750470138,0.888167578433123,"1997","Serbia1997"
"526","23-12-2000",200012,0.66886262122698,0.997011739556104,"2000","Serbia2000"
"527","28-12-2003",200312,2.11422823698143,2.89017898240326,"2003","Serbia2003"
"528","21-01-2007",200701,1.09462771545022,1.10240200316318,"2007","Serbia2007"
"529","11-05-2008",200805,0.601921671082992,0.522022199763268,"2008","Serbia2008"
"530","06-05-2012",201205,0.957050392099254,1.00870777980071,"2012","Serbia2012"
"531","16-03-2014",201403,0.899447364126253,1.13491530701691,"2014","Serbia2014"
"532","09-06-1990",199006,0.997211252368476,1.01461625437694,"1990","Slovakia1990"
"533","06-06-1992",199206,1.14476007587344,1.36525103798513,"1992","Slovakia1992"
"534","30-09-1994",199409,0.649970682190229,0.60016569680142,"1994","Slovakia1994"
"535","26-09-1998",199809,0.417408384635695,0.457833851518629,"1998","Slovakia1998"
"536","20-09-2002",200209,1.146572354868,1.12594678210488,"2002","Slovakia2002"
"537","17-06-2006",200606,0.894848314212414,1.16041051923065,"2006","Slovakia2006"
"538","12-06-2010",201006,0.988027761415423,1.34748475177317,"2010","Slovakia2010"
"539","10-03-2012",201203,0.907186211385909,1.30835475726382,"2012","Slovakia2012"
"540","08-04-1990",199004,1.15651538803956,2.20113763337416,"1990","Slovenia1990"
"541","06-12-1992",199212,1.73745412046161,1.36717047434241,"1992","Slovenia1992"
"542","10-11-1996",199611,0.789464034418743,0.800252679583837,"1996","Slovenia1996"
"543","15-10-2000",200010,0.511945873742477,0.512386199197973,"2000","Slovenia2000"
"544","03-10-2004",200410,0.65142639178098,0.800520436234833,"2004","Slovenia2004"
"545","21-09-2008",200809,0.377934464876099,0.554645126615019,"2008","Slovenia2008"
"546","04-12-2011",201112,0.346337085735258,0.377671074891721,"2011","Slovenia2011"
"547","27-04-1994",199404,1.2833416277771,2.19291678595457,"1994","South Africa1994"
"548","02-06-1999",199906,0.888514033739201,1.49574947833233,"1999","South Africa1999"
"549","14-04-2004",200404,0.481009664428529,0.849854802128217,"2004","South Africa2004"
"550","22-04-2009",200904,0.689428728588247,1.19967621483674,"2009","South Africa2009"
"551","07-05-2014",201405,0.550261675007612,0.704382614931731,"2014","South Africa2014"
"552","24-03-1992",199203,0.731051458012515,0.801941117845111,"1992","South Korea1992"
"553","11-04-1996",199604,0.663790298009168,0.705838765182854,"1996","South Korea1996"
"554","13-04-2000",200004,0.637750007865257,0.818514204375959,"2000","South Korea2000"
"555","15-04-2004",200404,0.397255192286987,0.621339162000661,"2004","South Korea2004"
"556","09-04-2008",200804,1.15432053338676,1.31333485097975,"2008","South Korea2008"
"557","11-04-2012",201204,0.287197008767875,0.240390400619851,"2012","South Korea2012"
"558","15-06-1977",197706,0.724177878781894,0.640777356177143,"1977","Spain1977"
"559","01-03-1979",197903,0.632535453829222,0.682573031669589,"1979","Spain1979"
"560","28-10-1982",198210,0.636199305984888,0.716910482155896,"1982","Spain1982"
"561","22-06-1986",198606,0.671351640169508,0.709207770382838,"1986","Spain1986"
"562","29-10-1989",198910,0.653492329302116,0.594057396924938,"1989","Spain1989"
"563","06-06-1993",199306,0.497574560592866,0.559338240330029,"1993","Spain1993"
"564","03-03-1996",199603,0.601403594728403,0.520344725243792,"1996","Spain1996"
"565","12-03-2000",200003,0.662930116220004,0.439625954108925,"2000","Spain2000"
"566","14-03-2004",200403,0.552581148846711,0.40408613261057,"2004","Spain2004"
"567","09-03-2008",200803,0.470007595822533,0.502533653085388,"2008","Spain2008"
"568","20-11-2011",201111,0.615594411716086,0.436338542247741,"2011","Spain2011"
"569","17-09-1944",194409,1.4381966831016,1.39669973513601,"1944","Sweden1944"
"570","19-09-1948",194809,1.66305661426299,1.86458400944796,"1948","Sweden1948"
"571","21-09-1952",195209,1.34260705759706,1.4841746420925,"1952","Sweden1952"
"572","26-09-1956",195609,1.77551950546222,1.86191814781749,"1956","Sweden1956"
"573","01-06-1958",195806,1.61621223131859,1.73244881897302,"1958","Sweden1958"
"574","18-09-1960",196009,1.97526507300026,1.86808995632617,"1960","Sweden1960"
"575","20-09-1964",196409,1.71361017976892,2.0748290933619,"1964","Sweden1964"
"576","15-09-1968",196809,1.30290656129985,1.58059897155801,"1968","Sweden1968"
"577","20-09-1970",197009,0.871173451458677,1.03823453150163,"1970","Sweden1970"
"578","16-09-1973",197309,0.774533050017267,1.03098129062571,"1973","Sweden1973"
"579","19-09-1976",197609,0.464492759871515,0.714431771333276,"1976","Sweden1976"
"580","16-09-1979",197909,0.888345663429612,1.12944027938926,"1979","Sweden1979"
"581","19-09-1982",198209,0.989082461981029,1.10192066647357,"1982","Sweden1982"
"582","15-09-1985",198509,1.62199611804671,1.51980402517505,"1985","Sweden1985"
"583","18-09-1988",198809,1.16434269281201,1.16584145699371,"1988","Sweden1988"
"584","15-09-1991",199109,1.20648492830819,1.34970706023003,"1991","Sweden1991"
"585","18-09-1994",199409,0.830869924197577,1.08507360809841,"1994","Sweden1994"
"586","21-09-1998",199809,1.1775987062764,1.25095176149035,"1998","Sweden1998"
"587","15-09-2002",200209,1.09871365564015,1.16517316105736,"2002","Sweden2002"
"588","17-09-2006",200609,0.776371506402263,0.872140810583775,"2006","Sweden2006"
"589","19-09-2010",201009,0.810339066364135,0.758114930265162,"2010","Sweden2010"
"590","26-10-1947",194710,0.812205749732363,0.877856033104666,"1947","Switzerland1947"
"591","28-10-1951",195110,1.01004954838445,1.00925485080021,"1951","Switzerland1951"
"592","30-10-1955",195510,1.53648399566956,1.42148179218478,"1955","Switzerland1955"
"593","25-10-1959",195910,0.996171764612818,0.943769373923985,"1959","Switzerland1959"
"594","27-10-1963",196310,1.20293981407787,1.17176986286054,"1963","Switzerland1963"
"595","29-10-1967",196710,0.96590803034775,0.98530880462369,"1967","Switzerland1967"
"596","31-10-1971",197110,0.722542571602088,0.858041246641692,"1971","Switzerland1971"
"597","26-10-1975",197510,1.10674939124461,1.21545865376267,"1975","Switzerland1975"
"598","21-10-1979",197910,0.726481566446233,0.936554563464325,"1979","Switzerland1979"
"599","23-10-1983",198310,1.51613184110113,1.32526304510271,"1983","Switzerland1983"
"600","18-10-1987",198710,0.868983168724757,1.27624964005374,"1987","Switzerland1987"
"601","20-10-1991",199110,1.31505748734939,1.73116876244948,"1991","Switzerland1991"
"602","22-10-1995",199510,1.16902344628136,1.46986460607275,"1995","Switzerland1995"
"603","24-10-1999",199910,1.3625821148861,1.55708861877495,"1999","Switzerland1999"
"604","19-10-2003",200310,1.64778405748884,1.63440197714839,"2003","Switzerland2003"
"605","21-10-2007",200710,1.47235070410877,1.52949115543423,"2007","Switzerland2007"
"606","23-10-2011",201110,1.42575732692006,1.23431115366263,"2011","Switzerland2011"
"607","14-05-1950",195005,1.26882717932328,1.2798253969672,"1950","Turkey1950"
"608","02-05-1954",195405,1.07115477587845,1.06440004596439,"1954","Turkey1954"
"609","27-10-1957",195710,0.887186874658532,0.907073173059373,"1957","Turkey1957"
"610","15-10-1961",196110,0.769289082419757,1.05232233368949,"1961","Turkey1961"
"611","10-10-1965",196510,0.515539854223725,1.16269515971675,"1965","Turkey1965"
"612","12-10-1969",196910,0.917006798421777,1.23646468003943,"1969","Turkey1969"
"613","14-10-1973",197310,1.12683321369263,1.67227367251068,"1973","Turkey1973"
"614","05-06-1977",197706,1.25988944053659,1.34090574911864,"1977","Turkey1977"
"615","06-11-1983",198311,0.451409060111335,0.42430900294892,"1983","Turkey1983"
"616","29-11-1987",198711,0.861679294041589,1.33459056556986,"1987","Turkey1987"
"617","20-10-1991",199110,0.550852929719196,0.550040960597521,"1991","Turkey1991"
"618","24-12-1995",199512,1.10960188570435,1.11692628791397,"1995","Turkey1995"
"619","18-04-1999",199904,1.235602315904,1.23728860462437,"1999","Turkey1999"
"620","03-11-2002",200211,1.72419541787265,2.27391936110564,"2002","Turkey2002"
"621","22-07-2007",200707,0.783436157104979,0.949630246540061,"2007","Turkey2007"
"622","12-06-2011",201106,0.414507641208314,0.536446215025089,"2011","Turkey2011"
"623","10-04-1994",199404,2.01303886338171,3.80284309810267,"1994","Ukraine1994"
"624","29-03-1998",199803,1.08150617658725,1.25328000162411,"1998","Ukraine1998"
"625","30-03-2002",200203,0.958839981555038,1.1260484412712,"2002","Ukraine2002"
"626","26-03-2006",200603,1.03261142906348,1.02492357442019,"2006","Ukraine2006"
"627","30-09-2007",200709,0.390980892604505,0.727510949573552,"2007","Ukraine2007"
"628","02-11-1920",192011,0.63949877215881,0.620499226714508,"1920","United States1920"
"629","04-11-1924",192411,0.212125841198091,0.534930818501632,"1924","United States1924"
"630","06-11-1928",192811,0.219344765806017,0.21338185938763,"1928","United States1928"
"631","08-11-1932",193211,0.229381622608354,0.220529360838693,"1932","United States1932"
"632","03-11-1936",193611,0.44192033486567,0.491284339276565,"1936","United States1936"
"633","05-11-1940",194011,0.768878575661419,0.787391230340477,"1940","United States1940"
"634","07-11-1944",194411,0.234705316628764,0.238509855493248,"1944","United States1944"
"635","02-11-1948",194811,0.645717736375433,1.80188759933363,"1948","United States1948"
"636","04-11-1952",195211,1.0585249753951,1.06366045220456,"1952","United States1952"
"637","06-11-1956",195611,0.249844499452936,0.250468261806262,"1956","United States1956"
"638","08-11-1960",196011,0.239578371553737,0.245581206669424,"1960","United States1960"
"639","03-11-1964",196411,1.00780596742005,1.0383305717652,"1964","United States1964"
"640","05-11-1968",196811,0.232590990475333,0.235199172384221,"1968","United States1968"
"641","07-11-1972",197211,0.540804144330506,0.550066025815195,"1972","United States1972"
"642","02-11-1976",197611,0.651192705211297,0.682985446078619,"1976","United States1976"
"643","04-11-1980",198011,1.08408970597119,1.09470913281659,"1980","United States1980"
"644","06-11-1984",198411,1.18639694448489,1.19789915272803,"1984","United States1984"
"645","08-11-1988",198811,0.90362805470565,0.9205146569954,"1988","United States1988"
"646","03-11-1992",199211,0.539028480880553,0.569167068006008,"1992","United States1992"
"647","05-11-1996",199611,0.444889118584653,0.454987397725184,"1996","United States1996"
"648","07-11-2000",200011,0.950713049155956,0.980147044177683,"2000","United States2000"
"649","02-11-2004",200411,0.480550462992193,0.485078352756705,"2004","United States2004"
"650","04-11-2008",200811,0.436644065852647,0.474058315193111,"2008","United States2008"
"651","06-11-2012",201211,0.861611968691625,0.8743484867581,"2012","United States2012"
